#
# There is insufficient memory for the Java Runtime Environment to continue.
# Native memory allocation (malloc) failed to allocate 32744 bytes for ChunkPool::allocate
# Possible reasons:
#   The system is out of physical RAM or swap space
#   The process is running with CompressedOops enabled, and the Java Heap may be blocking the growth of the native heap
# Possible solutions:
#   Reduce memory load on the system
#   Increase physical memory or swap space
#   Check if swap backing store is full
#   Decrease Java heap size (-Xmx/-Xms)
#   Decrease number of Java threads
#   Decrease Java thread stack sizes (-Xss)
#   Set larger code cache with -XX:ReservedCodeCacheSize=
#   JVM is running with Zero Based Compressed Oops mode in which the Java heap is
#     placed in the first 32GB address space. The Java Heap base address is the
#     maximum limit for the native heap growth. Please use -XX:HeapBaseMinAddress
#     to set the Java Heap base and to place the Java Heap above 32GB virtual address.
# This output file may be truncated or incomplete.
#
#  Out of Memory Error (./open/src/hotspot/share/memory/arena.cpp:81), pid=23076, tid=23416
#
# JRE version: Java(TM) SE Runtime Environment 18.9 (11.0.25+9) (build 11.0.25+9-LTS-256)
# Java VM: Java HotSpot(TM) 64-Bit Server VM 18.9 (11.0.25+9-LTS-256, mixed mode, tiered, compressed oops, g1 gc, windows-amd64)
# No core dump will be written. Minidumps are not enabled by default on client versions of Windows
#

---------------  S U M M A R Y ------------

Command Line: --add-opens=java.base/java.lang=ALL-UNNAMED --add-opens=java.base/java.lang.invoke=ALL-UNNAMED --add-opens=java.base/java.util=ALL-UNNAMED --add-opens=java.prefs/java.util.prefs=ALL-UNNAMED --add-exports=jdk.compiler/com.sun.tools.javac.api=ALL-UNNAMED --add-exports=jdk.compiler/com.sun.tools.javac.util=ALL-UNNAMED --add-opens=java.base/java.util=ALL-UNNAMED --add-opens=java.prefs/java.util.prefs=ALL-UNNAMED --add-opens=java.base/java.nio.charset=ALL-UNNAMED --add-opens=java.base/java.net=ALL-UNNAMED --add-opens=java.base/java.util.concurrent.atomic=ALL-UNNAMED --add-opens=java.xml/javax.xml.namespace=ALL-UNNAMED -XX:MaxMetaspaceSize=1024m -XX:+UseG1GC -Xmx3072m -Dfile.encoding=UTF-8 -Duser.country=AR -Duser.language=es -Duser.variant -javaagent:C:\Users\Guille\.gradle\wrapper\dists\gradle-8.14.3-bin\cv11ve7ro1n3o1j4so8xd9n66\gradle-8.14.3\lib\agents\gradle-instrumentation-agent-8.14.3.jar org.gradle.launcher.daemon.bootstrap.GradleDaemon 8.14.3

Host: AMD Ryzen 5 2400G with Radeon Vega Graphics    , 8 cores, 29G,  Windows 10 , 64 bit Build 19041 (10.0.19041.5438)
Time: Tue Jul  7 17:32:29 2026 Hora estándar de Argentina elapsed time: 12.504420 seconds (0d 0h 0m 12s)

---------------  T H R E A D  ---------------

Current thread (0x000001cdf1193800):  JavaThread "Daemon worker" [_thread_in_vm, id=23416, stack(0x000000520f100000,0x000000520f200000)]

Stack: [0x000000520f100000,0x000000520f200000]
Native frames: (J=compiled Java code, j=interpreted, Vv=VM code, C=native code)
V  [jvm.dll+0x65824a]
V  [jvm.dll+0x79ae8f]
V  [jvm.dll+0x79c559]
V  [jvm.dll+0x79cc03]
V  [jvm.dll+0x255785]
V  [jvm.dll+0xb339b]
V  [jvm.dll+0xb373c]
V  [jvm.dll+0x1d118f]
V  [jvm.dll+0x1d1f85]
V  [jvm.dll+0x1d2aa4]
V  [jvm.dll+0x1c72db]
V  [jvm.dll+0x52b366]
V  [jvm.dll+0x7345dc]
V  [jvm.dll+0x3fa189]
V  [jvm.dll+0x4007f3]
C  [java.dll+0x197c]

Java frames: (J=compiled Java code, j=interpreted, Vv=VM code)
J 1050  java.lang.ClassLoader.defineClass1(Ljava/lang/ClassLoader;Ljava/lang/String;[BIILjava/security/ProtectionDomain;Ljava/lang/String;)Ljava/lang/Class; java.base@11.0.25 (0 bytes) @ 0x000001cdddc1728b [0x000001cdddc171c0+0x00000000000000cb]
J 1149 c1 java.lang.ClassLoader.defineClass(Ljava/lang/String;[BIILjava/security/ProtectionDomain;)Ljava/lang/Class; java.base@11.0.25 (43 bytes) @ 0x000001cdd689aedc [0x000001cdd689ab80+0x000000000000035c]
J 1043 c1 java.net.URLClassLoader.defineClass(Ljava/lang/String;Ljdk/internal/loader/Resource;)Ljava/lang/Class; java.base@11.0.25 (224 bytes) @ 0x000001cdd686a73c [0x000001cdd6868380+0x00000000000023bc]
J 895 c1 java.net.URLClassLoader$1.run()Ljava/lang/Class; java.base@11.0.25 (81 bytes) @ 0x000001cdd6824e3c [0x000001cdd6824cc0+0x000000000000017c]
J 848 c1 java.net.URLClassLoader.findClass(Ljava/lang/String;)Ljava/lang/Class; java.base@11.0.25 (47 bytes) @ 0x000001cdd680cbac [0x000001cdd680c880+0x000000000000032c]
J 2407 c1 org.gradle.internal.classloader.TransformingClassLoader.findClass(Ljava/lang/String;)Ljava/lang/Class; (203 bytes) @ 0x000001cdd6b7f4ec [0x000001cdd6b7de20+0x00000000000016cc]
J 814 c1 java.lang.ClassLoader.loadClass(Ljava/lang/String;Z)Ljava/lang/Class; java.base@11.0.25 (122 bytes) @ 0x000001cdd67f08ec [0x000001cdd67effc0+0x000000000000092c]
J 827 c1 java.lang.ClassLoader.loadClass(Ljava/lang/String;)Ljava/lang/Class; java.base@11.0.25 (7 bytes) @ 0x000001cdd67fa1cc [0x000001cdd67fa0c0+0x000000000000010c]
v  ~StubRoutines::call_stub
J 2294  java.lang.Class.getDeclaringClass0()Ljava/lang/Class; java.base@11.0.25 (0 bytes) @ 0x000001cdddcc358b [0x000001cdddcc3540+0x000000000000004b]
j  java.lang.Class.getEnclosingClass()Ljava/lang/Class;+10 java.base@11.0.25
j  org.gradle.internal.service.TypeStringFormatter.format(Ljava/lang/reflect/Type;)Ljava/lang/String;+13
j  org.gradle.internal.service.DefaultServiceRegistry.format(Ljava/lang/reflect/Type;)Ljava/lang/String;+1
j  org.gradle.internal.service.DefaultServiceRegistry.addProvider(Lorg/gradle/internal/service/ServiceRegistrationProvider;)Lorg/gradle/internal/service/DefaultServiceRegistry;+8
j  org.gradle.internal.service.DefaultServiceRegistry$1.addProvider(Lorg/gradle/internal/service/ServiceRegistrationProvider;)V+5
j  org.gradle.internal.cc.impl.ConfigurationCacheServices.registerBuildTreeServices(Lorg/gradle/internal/service/ServiceRegistration;)V+93
j  org.gradle.internal.buildtree.BuildTreeScopeServices.configure(Lorg/gradle/internal/service/ServiceRegistration;Ljava/util/List;)V+30
v  ~StubRoutines::call_stub
j  jdk.internal.reflect.NativeMethodAccessorImpl.invoke0(Ljava/lang/reflect/Method;Ljava/lang/Object;[Ljava/lang/Object;)Ljava/lang/Object;+0 java.base@11.0.25
j  jdk.internal.reflect.NativeMethodAccessorImpl.invoke(Ljava/lang/Object;[Ljava/lang/Object;)Ljava/lang/Object;+100 java.base@11.0.25
J 2038 c1 jdk.internal.reflect.DelegatingMethodAccessorImpl.invoke(Ljava/lang/Object;[Ljava/lang/Object;)Ljava/lang/Object; java.base@11.0.25 (10 bytes) @ 0x000001cdd6a9b7cc [0x000001cdd6a9b6c0+0x000000000000010c]
J 2037 c1 java.lang.reflect.Method.invoke(Ljava/lang/Object;[Ljava/lang/Object;)Ljava/lang/Object; java.base@11.0.25 (65 bytes) @ 0x000001cdd6a9b244 [0x000001cdd6a9af00+0x0000000000000344]
j  org.gradle.internal.reflect.JavaMethod.invoke(Ljava/lang/Object;[Ljava/lang/Object;)Ljava/lang/Object;+6
j  org.gradle.internal.service.ReflectionBasedServiceMethod.invoke(Ljava/lang/Object;[Ljava/lang/Object;)Ljava/lang/Object;+6
j  org.gradle.internal.service.DefaultServiceRegistry.applyConfigureMethod(Lorg/gradle/internal/service/ServiceAccessToken;Lorg/gradle/internal/service/ServiceMethod;Ljava/lang/Object;)V+146
j  org.gradle.internal.service.DefaultServiceRegistry.findProviderMethods(Lorg/gradle/internal/service/ServiceRegistrationProvider;Lorg/gradle/internal/service/ServiceAccessToken;)V+215
j  org.gradle.internal.service.DefaultServiceRegistry.addProvider(Lorg/gradle/internal/service/ServiceRegistrationProvider;)Lorg/gradle/internal/service/DefaultServiceRegistry;+18
j  org.gradle.internal.service.ServiceRegistryBuilder.build()Lorg/gradle/internal/service/CloseableServiceRegistry;+93
j  org.gradle.internal.buildtree.BuildTreeState.<init>(Lorg/gradle/internal/scopeids/id/BuildInvocationScopeId;Lorg/gradle/internal/service/ServiceRegistry;Lorg/gradle/internal/buildtree/BuildTreeModelControllerServices$Supplier;)V+35
j  org.gradle.launcher.exec.BuildTreeLifecycleBuildActionExecutor.execute(Lorg/gradle/internal/invocation/BuildAction;Lorg/gradle/internal/session/BuildSessionContext;)Lorg/gradle/internal/buildtree/BuildActionRunner$Result;+61
j  org.gradle.launcher.exec.RunAsBuildOperationBuildActionExecutor$2.call(Lorg/gradle/internal/operations/BuildOperationContext;)Lorg/gradle/internal/buildtree/BuildActionRunner$Result;+25
j  org.gradle.launcher.exec.RunAsBuildOperationBuildActionExecutor$2.call(Lorg/gradle/internal/operations/BuildOperationContext;)Ljava/lang/Object;+2
j  org.gradle.internal.operations.DefaultBuildOperationRunner$CallableBuildOperationWorker.execute(Lorg/gradle/internal/operations/CallableBuildOperation;Lorg/gradle/internal/operations/BuildOperationContext;)V+3
j  org.gradle.internal.operations.DefaultBuildOperationRunner$CallableBuildOperationWorker.execute(Lorg/gradle/internal/operations/BuildOperation;Lorg/gradle/internal/operations/BuildOperationContext;)V+6
j  org.gradle.internal.operations.DefaultBuildOperationRunner$2.execute(Lorg/gradle/internal/operations/BuildOperationDescriptor;Lorg/gradle/internal/operations/BuildOperationState;Lorg/gradle/internal/operations/BuildOperationState;Lorg/gradle/internal/operations/DefaultBuildOperationRunner$ReadableBuildOperationContext;Lorg/gradle/internal/operations/DefaultBuildOperationRunner$BuildOperationExecutionListener;)Lorg/gradle/internal/operations/BuildOperation;+22
j  org.gradle.internal.operations.DefaultBuildOperationRunner$2.execute(Lorg/gradle/internal/operations/BuildOperationDescriptor;Lorg/gradle/internal/operations/BuildOperationState;Lorg/gradle/internal/operations/BuildOperationState;Lorg/gradle/internal/operations/DefaultBuildOperationRunner$ReadableBuildOperationContext;Lorg/gradle/internal/operations/DefaultBuildOperationRunner$BuildOperationExecutionListener;)Ljava/lang/Object;+8
j  org.gradle.internal.operations.DefaultBuildOperationRunner.execute(Lorg/gradle/internal/operations/BuildOperationDescriptor$Builder;Lorg/gradle/internal/operations/BuildOperationState;Lorg/gradle/internal/operations/DefaultBuildOperationRunner$BuildOperationExecution;)Ljava/lang/Object;+141
j  org.gradle.internal.operations.DefaultBuildOperationRunner.execute(Lorg/gradle/internal/operations/BuildOperation;Lorg/gradle/internal/operations/BuildOperationWorker;Lorg/gradle/internal/operations/BuildOperationState;)V+18
j  org.gradle.internal.operations.DefaultBuildOperationRunner.call(Lorg/gradle/internal/operations/CallableBuildOperation;)Ljava/lang/Object;+16
j  org.gradle.launcher.exec.RunAsBuildOperationBuildActionExecutor.execute(Lorg/gradle/internal/invocation/BuildAction;Lorg/gradle/internal/session/BuildSessionContext;)Lorg/gradle/internal/buildtree/BuildActionRunner$Result;+23
j  org.gradle.launcher.exec.RunAsWorkerThreadBuildActionExecutor.lambda$execute$0(Lorg/gradle/internal/invocation/BuildAction;Lorg/gradle/internal/session/BuildSessionContext;)Lorg/gradle/internal/buildtree/BuildActionRunner$Result;+6
j  org.gradle.launcher.exec.RunAsWorkerThreadBuildActionExecutor$$Lambda$231.create()Ljava/lang/Object;+12
j  org.gradle.internal.work.DefaultWorkerLeaseService.withLocks(Ljava/util/Collection;Lorg/gradle/internal/Factory;)Ljava/lang/Object;+28
j  org.gradle.internal.work.DefaultWorkerLeaseService.runAsWorkerThread(Lorg/gradle/internal/Factory;)Ljava/lang/Object;+33
j  org.gradle.launcher.exec.RunAsWorkerThreadBuildActionExecutor.execute(Lorg/gradle/internal/invocation/BuildAction;Lorg/gradle/internal/session/BuildSessionContext;)Lorg/gradle/internal/buildtree/BuildActionRunner$Result;+12
j  org.gradle.tooling.internal.provider.continuous.ContinuousBuildActionExecutor.execute(Lorg/gradle/internal/invocation/BuildAction;Lorg/gradle/internal/session/BuildSessionContext;)Lorg/gradle/internal/buildtree/BuildActionRunner$Result;+58
j  org.gradle.tooling.internal.provider.SubscribableBuildActionExecutor.execute(Lorg/gradle/internal/invocation/BuildAction;Lorg/gradle/internal/session/BuildSessionContext;)Lorg/gradle/internal/buildtree/BuildActionRunner$Result;+30
j  org.gradle.internal.session.DefaultBuildSessionContext.execute(Lorg/gradle/internal/invocation/BuildAction;)Lorg/gradle/internal/buildtree/BuildActionRunner$Result;+64
j  org.gradle.internal.buildprocess.execution.BuildSessionLifecycleBuildActionExecutor$ActionImpl.apply(Lorg/gradle/internal/session/BuildSessionContext;)Lorg/gradle/launcher/exec/BuildActionResult;+6
j  org.gradle.internal.buildprocess.execution.BuildSessionLifecycleBuildActionExecutor$ActionImpl.apply(Ljava/lang/Object;)Ljava/lang/Object;+5
j  org.gradle.internal.session.BuildSessionState.run(Ljava/util/function/Function;)Ljava/lang/Object;+5
j  org.gradle.internal.buildprocess.execution.BuildSessionLifecycleBuildActionExecutor.execute(Lorg/gradle/internal/invocation/BuildAction;Lorg/gradle/launcher/exec/BuildActionParameters;Lorg/gradle/initialization/BuildRequestContext;)Lorg/gradle/launcher/exec/BuildActionResult;+95
j  org.gradle.internal.buildprocess.execution.BuildSessionLifecycleBuildActionExecutor.execute(Lorg/gradle/internal/invocation/BuildAction;Ljava/lang/Object;Ljava/lang/Object;)Lorg/gradle/launcher/exec/BuildActionResult;+10
j  org.gradle.internal.buildprocess.execution.StartParamsValidatingActionExecutor.execute(Lorg/gradle/internal/invocation/BuildAction;Lorg/gradle/launcher/exec/BuildActionParameters;Lorg/gradle/initialization/BuildRequestContext;)Lorg/gradle/launcher/exec/BuildActionResult;+203
j  org.gradle.internal.buildprocess.execution.StartParamsValidatingActionExecutor.execute(Lorg/gradle/internal/invocation/BuildAction;Ljava/lang/Object;Ljava/lang/Object;)Lorg/gradle/launcher/exec/BuildActionResult;+10
j  org.gradle.internal.buildprocess.execution.SessionFailureReportingActionExecutor.execute(Lorg/gradle/internal/invocation/BuildAction;Lorg/gradle/launcher/exec/BuildActionParameters;Lorg/gradle/initialization/BuildRequestContext;)Lorg/gradle/launcher/exec/BuildActionResult;+7
j  org.gradle.internal.buildprocess.execution.SessionFailureReportingActionExecutor.execute(Lorg/gradle/internal/invocation/BuildAction;Ljava/lang/Object;Ljava/lang/Object;)Lorg/gradle/launcher/exec/BuildActionResult;+10
j  org.gradle.internal.buildprocess.execution.SetupLoggingActionExecutor.execute(Lorg/gradle/internal/invocation/BuildAction;Lorg/gradle/launcher/exec/BuildActionParameters;Lorg/gradle/initialization/BuildRequestContext;)Lorg/gradle/launcher/exec/BuildActionResult;+50
j  org.gradle.internal.buildprocess.execution.SetupLoggingActionExecutor.execute(Lorg/gradle/internal/invocation/BuildAction;Ljava/lang/Object;Ljava/lang/Object;)Lorg/gradle/launcher/exec/BuildActionResult;+10
j  org.gradle.launcher.daemon.server.exec.ExecuteBuild.doBuild(Lorg/gradle/launcher/daemon/server/api/DaemonCommandExecution;Lorg/gradle/launcher/daemon/protocol/Build;)V+147
j  org.gradle.launcher.daemon.server.exec.BuildCommandOnly.execute(Lorg/gradle/launcher/daemon/server/api/DaemonCommandExecution;)V+49
j  org.gradle.launcher.daemon.server.api.DaemonCommandExecution.proceed()Z+23
j  org.gradle.launcher.daemon.server.exec.WatchForDisconnection.execute(Lorg/gradle/launcher/daemon/server/api/DaemonCommandExecution;)V+19
j  org.gradle.launcher.daemon.server.api.DaemonCommandExecution.proceed()Z+23
j  org.gradle.launcher.daemon.server.exec.ResetDeprecationLogger.execute(Lorg/gradle/launcher/daemon/server/api/DaemonCommandExecution;)V+7
j  org.gradle.launcher.daemon.server.api.DaemonCommandExecution.proceed()Z+23
j  org.gradle.launcher.daemon.server.exec.RequestStopIfSingleUsedDaemon.execute(Lorg/gradle/launcher/daemon/server/api/DaemonCommandExecution;)V+33
j  org.gradle.launcher.daemon.server.api.DaemonCommandExecution.proceed()Z+23
j  org.gradle.launcher.daemon.server.exec.ForwardClientInput.lambda$execute$0(Lorg/gradle/launcher/daemon/server/api/DaemonCommandExecution;Lorg/gradle/internal/daemon/clientinput/StdinHandler;)Ljava/lang/Object;+11
j  org.gradle.launcher.daemon.server.exec.ForwardClientInput$$Lambda$119.apply(Ljava/lang/Object;)Ljava/lang/Object;+8
j  org.gradle.internal.daemon.clientinput.ClientInputForwarder.forwardInput(Ljava/util/function/Function;)Ljava/lang/Object;+46
j  org.gradle.launcher.daemon.server.exec.ForwardClientInput.execute(Lorg/gradle/launcher/daemon/server/api/DaemonCommandExecution;)V+10
j  org.gradle.launcher.daemon.server.api.DaemonCommandExecution.proceed()Z+23
j  org.gradle.launcher.daemon.server.exec.LogAndCheckHealth.execute(Lorg/gradle/launcher/daemon/server/api/DaemonCommandExecution;)V+51
j  org.gradle.launcher.daemon.server.api.DaemonCommandExecution.proceed()Z+23
j  org.gradle.launcher.daemon.server.exec.LogToClient.doBuild(Lorg/gradle/launcher/daemon/server/api/DaemonCommandExecution;Lorg/gradle/launcher/daemon/protocol/Build;)V+87
j  org.gradle.launcher.daemon.server.exec.BuildCommandOnly.execute(Lorg/gradle/launcher/daemon/server/api/DaemonCommandExecution;)V+49
j  org.gradle.launcher.daemon.server.api.DaemonCommandExecution.proceed()Z+23
j  org.gradle.launcher.daemon.server.exec.EstablishBuildEnvironment.doBuild(Lorg/gradle/launcher/daemon/server/api/DaemonCommandExecution;Lorg/gradle/launcher/daemon/protocol/Build;)V+356
j  org.gradle.launcher.daemon.server.exec.BuildCommandOnly.execute(Lorg/gradle/launcher/daemon/server/api/DaemonCommandExecution;)V+49
j  org.gradle.launcher.daemon.server.api.DaemonCommandExecution.proceed()Z+23
j  org.gradle.launcher.daemon.server.exec.StartBuildOrRespondWithBusy$1.run()V+44
j  org.gradle.launcher.daemon.server.DaemonStateCoordinator.lambda$runCommand$0(Ljava/lang/Runnable;)V+1
j  org.gradle.launcher.daemon.server.DaemonStateCoordinator$$Lambda$117.run()V+8
j  org.gradle.internal.concurrent.ExecutorPolicy$CatchAndRecordFailures.onExecute(Ljava/lang/Runnable;)V+1
j  org.gradle.internal.concurrent.AbstractManagedExecutor$1.run()V+25
j  java.util.concurrent.ThreadPoolExecutor.runWorker(Ljava/util/concurrent/ThreadPoolExecutor$Worker;)V+92 java.base@11.0.25
j  java.util.concurrent.ThreadPoolExecutor$Worker.run()V+5 java.base@11.0.25
j  java.lang.Thread.run()V+11 java.base@11.0.25
v  ~StubRoutines::call_stub

---------------  P R O C E S S  ---------------

Threads class SMR info:
_java_thread_list=0x000001cdf04239d0, length=23, elements={
0x000001cdce9d2000, 0x000001cdefa98000, 0x000001cdefa9b800, 0x000001cdefaf3800,
0x000001cdefaf4800, 0x000001cdefaf7000, 0x000001cdefafa800, 0x000001cdefb00000,
0x000001cdefb04800, 0x000001cdef152000, 0x000001cdf135d800, 0x000001cdf1ec0800,
0x000001cdf1903800, 0x000001cdf035f000, 0x000001cdf12f0800, 0x000001cdf1b57000,
0x000001cdf1193800, 0x000001cdf1ce0800, 0x000001cdf1cdb800, 0x000001cdf1cdc800,
0x000001cdf1922000, 0x000001cdf1922800, 0x000001cdf1920000
}

Java Threads: ( => current thread )
  0x000001cdce9d2000 JavaThread "main" [_thread_blocked, id=16708, stack(0x000000520d300000,0x000000520d400000)]
  0x000001cdefa98000 JavaThread "Reference Handler" daemon [_thread_blocked, id=16244, stack(0x000000520da00000,0x000000520db00000)]
  0x000001cdefa9b800 JavaThread "Finalizer" daemon [_thread_blocked, id=31200, stack(0x000000520db00000,0x000000520dc00000)]
  0x000001cdefaf3800 JavaThread "Signal Dispatcher" daemon [_thread_blocked, id=29384, stack(0x000000520dc00000,0x000000520dd00000)]
  0x000001cdefaf4800 JavaThread "Attach Listener" daemon [_thread_blocked, id=16204, stack(0x000000520dd00000,0x000000520de00000)]
  0x000001cdefaf7000 JavaThread "Service Thread" daemon [_thread_blocked, id=11236, stack(0x000000520de00000,0x000000520df00000)]
  0x000001cdefafa800 JavaThread "C2 CompilerThread0" daemon [_thread_in_native, id=29280, stack(0x000000520df00000,0x000000520e000000)]
  0x000001cdefb00000 JavaThread "C1 CompilerThread0" daemon [_thread_blocked, id=10064, stack(0x000000520e000000,0x000000520e100000)]
  0x000001cdefb04800 JavaThread "Sweeper thread" daemon [_thread_blocked, id=21868, stack(0x000000520e100000,0x000000520e200000)]
  0x000001cdef152000 JavaThread "Common-Cleaner" daemon [_thread_blocked, id=15212, stack(0x000000520e200000,0x000000520e300000)]
  0x000001cdf135d800 JavaThread "Daemon health stats" [_thread_blocked, id=8508, stack(0x000000520e400000,0x000000520e500000)]
  0x000001cdf1ec0800 JavaThread "Incoming local TCP Connector on port 54293" [_thread_in_native, id=30748, stack(0x000000520e500000,0x000000520e600000)]
  0x000001cdf1903800 JavaThread "Daemon periodic checks" [_thread_blocked, id=12792, stack(0x000000520ed00000,0x000000520ee00000)]
  0x000001cdf035f000 JavaThread "Daemon" [_thread_blocked, id=1308, stack(0x000000520ee00000,0x000000520ef00000)]
  0x000001cdf12f0800 JavaThread "Handler for socket connection from /127.0.0.1:54293 to /127.0.0.1:54300" [_thread_in_native, id=19564, stack(0x000000520ef00000,0x000000520f000000)]
  0x000001cdf1b57000 JavaThread "Cancel handler" [_thread_blocked, id=13448, stack(0x000000520f000000,0x000000520f100000)]
=>0x000001cdf1193800 JavaThread "Daemon worker" [_thread_in_vm, id=23416, stack(0x000000520f100000,0x000000520f200000)]
  0x000001cdf1ce0800 JavaThread "Asynchronous log dispatcher for DefaultDaemonConnection: socket connection from /127.0.0.1:54293 to /127.0.0.1:54300" [_thread_blocked, id=25932, stack(0x000000520f200000,0x000000520f300000)]
  0x000001cdf1cdb800 JavaThread "Stdin handler" [_thread_blocked, id=30208, stack(0x000000520f300000,0x000000520f400000)]
  0x000001cdf1cdc800 JavaThread "Daemon client event forwarder" [_thread_blocked, id=31456, stack(0x000000520f400000,0x000000520f500000)]
  0x000001cdf1922000 JavaThread "Cache worker for journal cache (C:\Users\Guille\.gradle\caches\journal-1)" [_thread_blocked, id=15996, stack(0x000000520f600000,0x000000520f700000)]
  0x000001cdf1922800 JavaThread "File lock request listener" [_thread_in_native, id=29248, stack(0x000000520f700000,0x000000520f800000)]
  0x000001cdf1920000 JavaThread "Cache worker for file hash cache (C:\Users\Guille\.gradle\caches\8.14.3\fileHashes)" [_thread_blocked, id=10820, stack(0x000000520f800000,0x000000520f900000)]

Other Threads:
  0x000001cdefa5d800 VMThread "VM Thread" [stack: 0x000000520d900000,0x000000520da00000] [id=31280]
  0x000001cdefed9000 WatcherThread [stack: 0x000000520e300000,0x000000520e400000] [id=19788]
  0x000001cdce9e8800 GCTaskThread "GC Thread#0" [stack: 0x000000520d400000,0x000000520d500000] [id=14508]
  0x000001cdf031c800 GCTaskThread "GC Thread#1" [stack: 0x000000520e600000,0x000000520e700000] [id=2644]
  0x000001cdf007e000 GCTaskThread "GC Thread#2" [stack: 0x000000520e700000,0x000000520e800000] [id=4600]
  0x000001cdf0430000 GCTaskThread "GC Thread#3" [stack: 0x000000520e800000,0x000000520e900000] [id=7676]
  0x000001cdf0430800 GCTaskThread "GC Thread#4" [stack: 0x000000520e900000,0x000000520ea00000] [id=23564]
  0x000001cdf0092800 GCTaskThread "GC Thread#5" [stack: 0x000000520ea00000,0x000000520eb00000] [id=28752]
  0x000001cdf0093000 GCTaskThread "GC Thread#6" [stack: 0x000000520eb00000,0x000000520ec00000] [id=26640]
  0x000001cdf0094000 GCTaskThread "GC Thread#7" [stack: 0x000000520ec00000,0x000000520ed00000] [id=29424]
  0x000001cdcea29800 ConcurrentGCThread "G1 Main Marker" [stack: 0x000000520d500000,0x000000520d600000] [id=17736]
  0x000001cdcea2a800 ConcurrentGCThread "G1 Conc#0" [stack: 0x000000520d600000,0x000000520d700000] [id=31048]
  0x000001cdf0fc2000 ConcurrentGCThread "G1 Conc#1" [stack: 0x000000520f500000,0x000000520f600000] [id=10548]
  0x000001cdef0d8800 ConcurrentGCThread "G1 Refine#0" [stack: 0x000000520d700000,0x000000520d800000] [id=30916]
  0x000001cdef0d9800 ConcurrentGCThread "G1 Young RemSet Sampling" [stack: 0x000000520d800000,0x000000520d900000] [id=22524]

Threads with active compile tasks:
C2 CompilerThread0    12576 2385   !   4       java.net.URLClassLoader::findClass (47 bytes)

VM state:not at safepoint (normal execution)

VM Mutex/Monitor currently owned by a thread: None

Heap address: 0x0000000740000000, size: 3072 MB, Compressed Oops mode: Zero based, Oop shift amount: 3
Narrow klass base: 0x0000000800000000, Narrow klass shift: 0
Compressed class space size: 1065353216 Address: 0x0000000800000000

Heap:
 garbage-first heap   total 491520K, used 103414K [0x0000000740000000, 0x0000000800000000)
  region size 1024K, 98 young (100352K), 15 survivors (15360K)
 Metaspace       used 25772K, capacity 26512K, committed 26880K, reserved 1064960K
  class space    used 3216K, capacity 3458K, committed 3584K, reserved 1040384K
Heap Regions: E=young(eden), S=young(survivor), O=old, HS=humongous(starts), HC=humongous(continues), CS=collection set, F=free, A=archive, TAMS=top-at-mark-start (previous, next)
|   0|0x0000000740000000, 0x0000000740100000, 0x0000000740100000|100%|HS|  |TAMS 0x0000000740100000, 0x0000000740000000| Complete 
|   1|0x0000000740100000, 0x0000000740200000, 0x0000000740200000|100%|HC|  |TAMS 0x0000000740200000, 0x0000000740100000| Complete 
|   2|0x0000000740200000, 0x0000000740300000, 0x0000000740300000|100%|HC|  |TAMS 0x0000000740300000, 0x0000000740200000| Complete 
|   3|0x0000000740300000, 0x0000000740400000, 0x0000000740400000|100%|HS|  |TAMS 0x0000000740400000, 0x0000000740300000| Complete 
|   4|0x0000000740400000, 0x0000000740400000, 0x0000000740500000|  0%| F|  |TAMS 0x0000000740400000, 0x0000000740400000| Untracked 
|   5|0x0000000740500000, 0x0000000740500000, 0x0000000740600000|  0%| F|  |TAMS 0x0000000740500000, 0x0000000740500000| Untracked 
|   6|0x0000000740600000, 0x0000000740600000, 0x0000000740700000|  0%| F|  |TAMS 0x0000000740600000, 0x0000000740600000| Untracked 
|   7|0x0000000740700000, 0x0000000740700000, 0x0000000740800000|  0%| F|  |TAMS 0x0000000740700000, 0x0000000740700000| Untracked 
|   8|0x0000000740800000, 0x0000000740800000, 0x0000000740900000|  0%| F|  |TAMS 0x0000000740800000, 0x0000000740800000| Untracked 
|   9|0x0000000740900000, 0x0000000740900000, 0x0000000740a00000|  0%| F|  |TAMS 0x0000000740900000, 0x0000000740900000| Untracked 
|  10|0x0000000740a00000, 0x0000000740a00000, 0x0000000740b00000|  0%| F|  |TAMS 0x0000000740a00000, 0x0000000740a00000| Untracked 
|  11|0x0000000740b00000, 0x0000000740b00000, 0x0000000740c00000|  0%| F|  |TAMS 0x0000000740b00000, 0x0000000740b00000| Untracked 
|  12|0x0000000740c00000, 0x0000000740c00000, 0x0000000740d00000|  0%| F|  |TAMS 0x0000000740c00000, 0x0000000740c00000| Untracked 
|  13|0x0000000740d00000, 0x0000000740d00000, 0x0000000740e00000|  0%| F|  |TAMS 0x0000000740d00000, 0x0000000740d00000| Untracked 
|  14|0x0000000740e00000, 0x0000000740e00000, 0x0000000740f00000|  0%| F|  |TAMS 0x0000000740e00000, 0x0000000740e00000| Untracked 
|  15|0x0000000740f00000, 0x0000000740f00000, 0x0000000741000000|  0%| F|  |TAMS 0x0000000740f00000, 0x0000000740f00000| Untracked 
|  16|0x0000000741000000, 0x0000000741000000, 0x0000000741100000|  0%| F|  |TAMS 0x0000000741000000, 0x0000000741000000| Untracked 
|  17|0x0000000741100000, 0x0000000741100000, 0x0000000741200000|  0%| F|  |TAMS 0x0000000741100000, 0x0000000741100000| Untracked 
|  18|0x0000000741200000, 0x0000000741200000, 0x0000000741300000|  0%| F|  |TAMS 0x0000000741200000, 0x0000000741200000| Untracked 
|  19|0x0000000741300000, 0x0000000741300000, 0x0000000741400000|  0%| F|  |TAMS 0x0000000741300000, 0x0000000741300000| Untracked 
|  20|0x0000000741400000, 0x0000000741400000, 0x0000000741500000|  0%| F|  |TAMS 0x0000000741400000, 0x0000000741400000| Untracked 
|  21|0x0000000741500000, 0x0000000741500000, 0x0000000741600000|  0%| F|  |TAMS 0x0000000741500000, 0x0000000741500000| Untracked 
|  22|0x0000000741600000, 0x0000000741600000, 0x0000000741700000|  0%| F|  |TAMS 0x0000000741600000, 0x0000000741600000| Untracked 
|  23|0x0000000741700000, 0x0000000741700000, 0x0000000741800000|  0%| F|  |TAMS 0x0000000741700000, 0x0000000741700000| Untracked 
|  24|0x0000000741800000, 0x0000000741800000, 0x0000000741900000|  0%| F|  |TAMS 0x0000000741800000, 0x0000000741800000| Untracked 
|  25|0x0000000741900000, 0x0000000741900000, 0x0000000741a00000|  0%| F|  |TAMS 0x0000000741900000, 0x0000000741900000| Untracked 
|  26|0x0000000741a00000, 0x0000000741a00000, 0x0000000741b00000|  0%| F|  |TAMS 0x0000000741a00000, 0x0000000741a00000| Untracked 
|  27|0x0000000741b00000, 0x0000000741b00000, 0x0000000741c00000|  0%| F|  |TAMS 0x0000000741b00000, 0x0000000741b00000| Untracked 
|  28|0x0000000741c00000, 0x0000000741c00000, 0x0000000741d00000|  0%| F|  |TAMS 0x0000000741c00000, 0x0000000741c00000| Untracked 
|  29|0x0000000741d00000, 0x0000000741d00000, 0x0000000741e00000|  0%| F|  |TAMS 0x0000000741d00000, 0x0000000741d00000| Untracked 
|  30|0x0000000741e00000, 0x0000000741e00000, 0x0000000741f00000|  0%| F|  |TAMS 0x0000000741e00000, 0x0000000741e00000| Untracked 
|  31|0x0000000741f00000, 0x0000000741f00000, 0x0000000742000000|  0%| F|  |TAMS 0x0000000741f00000, 0x0000000741f00000| Untracked 
|  32|0x0000000742000000, 0x0000000742000000, 0x0000000742100000|  0%| F|  |TAMS 0x0000000742000000, 0x0000000742000000| Untracked 
|  33|0x0000000742100000, 0x0000000742100000, 0x0000000742200000|  0%| F|  |TAMS 0x0000000742100000, 0x0000000742100000| Untracked 
|  34|0x0000000742200000, 0x0000000742200000, 0x0000000742300000|  0%| F|  |TAMS 0x0000000742200000, 0x0000000742200000| Untracked 
|  35|0x0000000742300000, 0x0000000742300000, 0x0000000742400000|  0%| F|  |TAMS 0x0000000742300000, 0x0000000742300000| Untracked 
|  36|0x0000000742400000, 0x0000000742400000, 0x0000000742500000|  0%| F|  |TAMS 0x0000000742400000, 0x0000000742400000| Untracked 
|  37|0x0000000742500000, 0x0000000742500000, 0x0000000742600000|  0%| F|  |TAMS 0x0000000742500000, 0x0000000742500000| Untracked 
|  38|0x0000000742600000, 0x0000000742600000, 0x0000000742700000|  0%| F|  |TAMS 0x0000000742600000, 0x0000000742600000| Untracked 
|  39|0x0000000742700000, 0x0000000742700000, 0x0000000742800000|  0%| F|  |TAMS 0x0000000742700000, 0x0000000742700000| Untracked 
|  40|0x0000000742800000, 0x0000000742800000, 0x0000000742900000|  0%| F|  |TAMS 0x0000000742800000, 0x0000000742800000| Untracked 
|  41|0x0000000742900000, 0x0000000742900000, 0x0000000742a00000|  0%| F|  |TAMS 0x0000000742900000, 0x0000000742900000| Untracked 
|  42|0x0000000742a00000, 0x0000000742a00000, 0x0000000742b00000|  0%| F|  |TAMS 0x0000000742a00000, 0x0000000742a00000| Untracked 
|  43|0x0000000742b00000, 0x0000000742b00000, 0x0000000742c00000|  0%| F|  |TAMS 0x0000000742b00000, 0x0000000742b00000| Untracked 
|  44|0x0000000742c00000, 0x0000000742c00000, 0x0000000742d00000|  0%| F|  |TAMS 0x0000000742c00000, 0x0000000742c00000| Untracked 
|  45|0x0000000742d00000, 0x0000000742d00000, 0x0000000742e00000|  0%| F|  |TAMS 0x0000000742d00000, 0x0000000742d00000| Untracked 
|  46|0x0000000742e00000, 0x0000000742e00000, 0x0000000742f00000|  0%| F|  |TAMS 0x0000000742e00000, 0x0000000742e00000| Untracked 
|  47|0x0000000742f00000, 0x0000000742f00000, 0x0000000743000000|  0%| F|  |TAMS 0x0000000742f00000, 0x0000000742f00000| Untracked 
|  48|0x0000000743000000, 0x0000000743000000, 0x0000000743100000|  0%| F|  |TAMS 0x0000000743000000, 0x0000000743000000| Untracked 
|  49|0x0000000743100000, 0x0000000743100000, 0x0000000743200000|  0%| F|  |TAMS 0x0000000743100000, 0x0000000743100000| Untracked 
|  50|0x0000000743200000, 0x0000000743200000, 0x0000000743300000|  0%| F|  |TAMS 0x0000000743200000, 0x0000000743200000| Untracked 
|  51|0x0000000743300000, 0x0000000743300000, 0x0000000743400000|  0%| F|  |TAMS 0x0000000743300000, 0x0000000743300000| Untracked 
|  52|0x0000000743400000, 0x0000000743400000, 0x0000000743500000|  0%| F|  |TAMS 0x0000000743400000, 0x0000000743400000| Untracked 
|  53|0x0000000743500000, 0x0000000743500000, 0x0000000743600000|  0%| F|  |TAMS 0x0000000743500000, 0x0000000743500000| Untracked 
|  54|0x0000000743600000, 0x0000000743600000, 0x0000000743700000|  0%| F|  |TAMS 0x0000000743600000, 0x0000000743600000| Untracked 
|  55|0x0000000743700000, 0x0000000743700000, 0x0000000743800000|  0%| F|  |TAMS 0x0000000743700000, 0x0000000743700000| Untracked 
|  56|0x0000000743800000, 0x0000000743800000, 0x0000000743900000|  0%| F|  |TAMS 0x0000000743800000, 0x0000000743800000| Untracked 
|  57|0x0000000743900000, 0x0000000743900000, 0x0000000743a00000|  0%| F|  |TAMS 0x0000000743900000, 0x0000000743900000| Untracked 
|  58|0x0000000743a00000, 0x0000000743a00000, 0x0000000743b00000|  0%| F|  |TAMS 0x0000000743a00000, 0x0000000743a00000| Untracked 
|  59|0x0000000743b00000, 0x0000000743b00000, 0x0000000743c00000|  0%| F|  |TAMS 0x0000000743b00000, 0x0000000743b00000| Untracked 
|  60|0x0000000743c00000, 0x0000000743c00000, 0x0000000743d00000|  0%| F|  |TAMS 0x0000000743c00000, 0x0000000743c00000| Untracked 
|  61|0x0000000743d00000, 0x0000000743d00000, 0x0000000743e00000|  0%| F|  |TAMS 0x0000000743d00000, 0x0000000743d00000| Untracked 
|  62|0x0000000743e00000, 0x0000000743e00000, 0x0000000743f00000|  0%| F|  |TAMS 0x0000000743e00000, 0x0000000743e00000| Untracked 
|  63|0x0000000743f00000, 0x0000000743f00000, 0x0000000744000000|  0%| F|  |TAMS 0x0000000743f00000, 0x0000000743f00000| Untracked 
|  64|0x0000000744000000, 0x0000000744000000, 0x0000000744100000|  0%| F|  |TAMS 0x0000000744000000, 0x0000000744000000| Untracked 
|  65|0x0000000744100000, 0x0000000744100000, 0x0000000744200000|  0%| F|  |TAMS 0x0000000744100000, 0x0000000744100000| Untracked 
|  66|0x0000000744200000, 0x0000000744200000, 0x0000000744300000|  0%| F|  |TAMS 0x0000000744200000, 0x0000000744200000| Untracked 
|  67|0x0000000744300000, 0x0000000744300000, 0x0000000744400000|  0%| F|  |TAMS 0x0000000744300000, 0x0000000744300000| Untracked 
|  68|0x0000000744400000, 0x0000000744400000, 0x0000000744500000|  0%| F|  |TAMS 0x0000000744400000, 0x0000000744400000| Untracked 
|  69|0x0000000744500000, 0x0000000744500000, 0x0000000744600000|  0%| F|  |TAMS 0x0000000744500000, 0x0000000744500000| Untracked 
|  70|0x0000000744600000, 0x0000000744600000, 0x0000000744700000|  0%| F|  |TAMS 0x0000000744600000, 0x0000000744600000| Untracked 
|  71|0x0000000744700000, 0x0000000744700000, 0x0000000744800000|  0%| F|  |TAMS 0x0000000744700000, 0x0000000744700000| Untracked 
|  72|0x0000000744800000, 0x0000000744800000, 0x0000000744900000|  0%| F|  |TAMS 0x0000000744800000, 0x0000000744800000| Untracked 
|  73|0x0000000744900000, 0x0000000744900000, 0x0000000744a00000|  0%| F|  |TAMS 0x0000000744900000, 0x0000000744900000| Untracked 
|  74|0x0000000744a00000, 0x0000000744a00000, 0x0000000744b00000|  0%| F|  |TAMS 0x0000000744a00000, 0x0000000744a00000| Untracked 
|  75|0x0000000744b00000, 0x0000000744b00000, 0x0000000744c00000|  0%| F|  |TAMS 0x0000000744b00000, 0x0000000744b00000| Untracked 
|  76|0x0000000744c00000, 0x0000000744c00000, 0x0000000744d00000|  0%| F|  |TAMS 0x0000000744c00000, 0x0000000744c00000| Untracked 
|  77|0x0000000744d00000, 0x0000000744d00000, 0x0000000744e00000|  0%| F|  |TAMS 0x0000000744d00000, 0x0000000744d00000| Untracked 
|  78|0x0000000744e00000, 0x0000000744e00000, 0x0000000744f00000|  0%| F|  |TAMS 0x0000000744e00000, 0x0000000744e00000| Untracked 
|  79|0x0000000744f00000, 0x0000000744f00000, 0x0000000745000000|  0%| F|  |TAMS 0x0000000744f00000, 0x0000000744f00000| Untracked 
|  80|0x0000000745000000, 0x0000000745000000, 0x0000000745100000|  0%| F|  |TAMS 0x0000000745000000, 0x0000000745000000| Untracked 
|  81|0x0000000745100000, 0x0000000745100000, 0x0000000745200000|  0%| F|  |TAMS 0x0000000745100000, 0x0000000745100000| Untracked 
|  82|0x0000000745200000, 0x0000000745200000, 0x0000000745300000|  0%| F|  |TAMS 0x0000000745200000, 0x0000000745200000| Untracked 
|  83|0x0000000745300000, 0x0000000745300000, 0x0000000745400000|  0%| F|  |TAMS 0x0000000745300000, 0x0000000745300000| Untracked 
|  84|0x0000000745400000, 0x0000000745400000, 0x0000000745500000|  0%| F|  |TAMS 0x0000000745400000, 0x0000000745400000| Untracked 
|  85|0x0000000745500000, 0x0000000745500000, 0x0000000745600000|  0%| F|  |TAMS 0x0000000745500000, 0x0000000745500000| Untracked 
|  86|0x0000000745600000, 0x0000000745600000, 0x0000000745700000|  0%| F|  |TAMS 0x0000000745600000, 0x0000000745600000| Untracked 
|  87|0x0000000745700000, 0x0000000745700000, 0x0000000745800000|  0%| F|  |TAMS 0x0000000745700000, 0x0000000745700000| Untracked 
|  88|0x0000000745800000, 0x0000000745800000, 0x0000000745900000|  0%| F|  |TAMS 0x0000000745800000, 0x0000000745800000| Untracked 
|  89|0x0000000745900000, 0x0000000745900000, 0x0000000745a00000|  0%| F|  |TAMS 0x0000000745900000, 0x0000000745900000| Untracked 
|  90|0x0000000745a00000, 0x0000000745a00000, 0x0000000745b00000|  0%| F|  |TAMS 0x0000000745a00000, 0x0000000745a00000| Untracked 
|  91|0x0000000745b00000, 0x0000000745b00000, 0x0000000745c00000|  0%| F|  |TAMS 0x0000000745b00000, 0x0000000745b00000| Untracked 
|  92|0x0000000745c00000, 0x0000000745c00000, 0x0000000745d00000|  0%| F|  |TAMS 0x0000000745c00000, 0x0000000745c00000| Untracked 
|  93|0x0000000745d00000, 0x0000000745d00000, 0x0000000745e00000|  0%| F|  |TAMS 0x0000000745d00000, 0x0000000745d00000| Untracked 
|  94|0x0000000745e00000, 0x0000000745e00000, 0x0000000745f00000|  0%| F|  |TAMS 0x0000000745e00000, 0x0000000745e00000| Untracked 
|  95|0x0000000745f00000, 0x0000000745f00000, 0x0000000746000000|  0%| F|  |TAMS 0x0000000745f00000, 0x0000000745f00000| Untracked 
|  96|0x0000000746000000, 0x0000000746000000, 0x0000000746100000|  0%| F|  |TAMS 0x0000000746000000, 0x0000000746000000| Untracked 
|  97|0x0000000746100000, 0x0000000746100000, 0x0000000746200000|  0%| F|  |TAMS 0x0000000746100000, 0x0000000746100000| Untracked 
|  98|0x0000000746200000, 0x0000000746200000, 0x0000000746300000|  0%| F|  |TAMS 0x0000000746200000, 0x0000000746200000| Untracked 
|  99|0x0000000746300000, 0x0000000746300000, 0x0000000746400000|  0%| F|  |TAMS 0x0000000746300000, 0x0000000746300000| Untracked 
| 100|0x0000000746400000, 0x0000000746400000, 0x0000000746500000|  0%| F|  |TAMS 0x0000000746400000, 0x0000000746400000| Untracked 
| 101|0x0000000746500000, 0x0000000746500000, 0x0000000746600000|  0%| F|  |TAMS 0x0000000746500000, 0x0000000746500000| Untracked 
| 102|0x0000000746600000, 0x0000000746600000, 0x0000000746700000|  0%| F|  |TAMS 0x0000000746600000, 0x0000000746600000| Untracked 
| 103|0x0000000746700000, 0x0000000746700000, 0x0000000746800000|  0%| F|  |TAMS 0x0000000746700000, 0x0000000746700000| Untracked 
| 104|0x0000000746800000, 0x0000000746800000, 0x0000000746900000|  0%| F|  |TAMS 0x0000000746800000, 0x0000000746800000| Untracked 
| 105|0x0000000746900000, 0x0000000746900000, 0x0000000746a00000|  0%| F|  |TAMS 0x0000000746900000, 0x0000000746900000| Untracked 
| 106|0x0000000746a00000, 0x0000000746a00000, 0x0000000746b00000|  0%| F|  |TAMS 0x0000000746a00000, 0x0000000746a00000| Untracked 
| 107|0x0000000746b00000, 0x0000000746b00000, 0x0000000746c00000|  0%| F|  |TAMS 0x0000000746b00000, 0x0000000746b00000| Untracked 
| 108|0x0000000746c00000, 0x0000000746c00000, 0x0000000746d00000|  0%| F|  |TAMS 0x0000000746c00000, 0x0000000746c00000| Untracked 
| 109|0x0000000746d00000, 0x0000000746d00000, 0x0000000746e00000|  0%| F|  |TAMS 0x0000000746d00000, 0x0000000746d00000| Untracked 
| 110|0x0000000746e00000, 0x0000000746e00000, 0x0000000746f00000|  0%| F|  |TAMS 0x0000000746e00000, 0x0000000746e00000| Untracked 
| 111|0x0000000746f00000, 0x0000000746f00000, 0x0000000747000000|  0%| F|  |TAMS 0x0000000746f00000, 0x0000000746f00000| Untracked 
| 112|0x0000000747000000, 0x0000000747000000, 0x0000000747100000|  0%| F|  |TAMS 0x0000000747000000, 0x0000000747000000| Untracked 
| 113|0x0000000747100000, 0x0000000747100000, 0x0000000747200000|  0%| F|  |TAMS 0x0000000747100000, 0x0000000747100000| Untracked 
| 114|0x0000000747200000, 0x0000000747200000, 0x0000000747300000|  0%| F|  |TAMS 0x0000000747200000, 0x0000000747200000| Untracked 
| 115|0x0000000747300000, 0x0000000747300000, 0x0000000747400000|  0%| F|  |TAMS 0x0000000747300000, 0x0000000747300000| Untracked 
| 116|0x0000000747400000, 0x0000000747400000, 0x0000000747500000|  0%| F|  |TAMS 0x0000000747400000, 0x0000000747400000| Untracked 
| 117|0x0000000747500000, 0x0000000747500000, 0x0000000747600000|  0%| F|  |TAMS 0x0000000747500000, 0x0000000747500000| Untracked 
| 118|0x0000000747600000, 0x0000000747600000, 0x0000000747700000|  0%| F|  |TAMS 0x0000000747600000, 0x0000000747600000| Untracked 
| 119|0x0000000747700000, 0x0000000747700000, 0x0000000747800000|  0%| F|  |TAMS 0x0000000747700000, 0x0000000747700000| Untracked 
| 120|0x0000000747800000, 0x0000000747800000, 0x0000000747900000|  0%| F|  |TAMS 0x0000000747800000, 0x0000000747800000| Untracked 
| 121|0x0000000747900000, 0x0000000747900000, 0x0000000747a00000|  0%| F|  |TAMS 0x0000000747900000, 0x0000000747900000| Untracked 
| 122|0x0000000747a00000, 0x0000000747a00000, 0x0000000747b00000|  0%| F|  |TAMS 0x0000000747a00000, 0x0000000747a00000| Untracked 
| 123|0x0000000747b00000, 0x0000000747b00000, 0x0000000747c00000|  0%| F|  |TAMS 0x0000000747b00000, 0x0000000747b00000| Untracked 
| 124|0x0000000747c00000, 0x0000000747c00000, 0x0000000747d00000|  0%| F|  |TAMS 0x0000000747c00000, 0x0000000747c00000| Untracked 
| 125|0x0000000747d00000, 0x0000000747d00000, 0x0000000747e00000|  0%| F|  |TAMS 0x0000000747d00000, 0x0000000747d00000| Untracked 
| 126|0x0000000747e00000, 0x0000000747e00000, 0x0000000747f00000|  0%| F|  |TAMS 0x0000000747e00000, 0x0000000747e00000| Untracked 
| 127|0x0000000747f00000, 0x0000000747f00000, 0x0000000748000000|  0%| F|  |TAMS 0x0000000747f00000, 0x0000000747f00000| Untracked 
| 128|0x0000000748000000, 0x0000000748000000, 0x0000000748100000|  0%| F|  |TAMS 0x0000000748000000, 0x0000000748000000| Untracked 
| 129|0x0000000748100000, 0x0000000748100000, 0x0000000748200000|  0%| F|  |TAMS 0x0000000748100000, 0x0000000748100000| Untracked 
| 130|0x0000000748200000, 0x0000000748200000, 0x0000000748300000|  0%| F|  |TAMS 0x0000000748200000, 0x0000000748200000| Untracked 
| 131|0x0000000748300000, 0x0000000748300000, 0x0000000748400000|  0%| F|  |TAMS 0x0000000748300000, 0x0000000748300000| Untracked 
| 132|0x0000000748400000, 0x0000000748400000, 0x0000000748500000|  0%| F|  |TAMS 0x0000000748400000, 0x0000000748400000| Untracked 
| 133|0x0000000748500000, 0x0000000748500000, 0x0000000748600000|  0%| F|  |TAMS 0x0000000748500000, 0x0000000748500000| Untracked 
| 134|0x0000000748600000, 0x0000000748600000, 0x0000000748700000|  0%| F|  |TAMS 0x0000000748600000, 0x0000000748600000| Untracked 
| 135|0x0000000748700000, 0x0000000748700000, 0x0000000748800000|  0%| F|  |TAMS 0x0000000748700000, 0x0000000748700000| Untracked 
| 136|0x0000000748800000, 0x0000000748800000, 0x0000000748900000|  0%| F|  |TAMS 0x0000000748800000, 0x0000000748800000| Untracked 
| 137|0x0000000748900000, 0x0000000748900000, 0x0000000748a00000|  0%| F|  |TAMS 0x0000000748900000, 0x0000000748900000| Untracked 
| 138|0x0000000748a00000, 0x0000000748a00000, 0x0000000748b00000|  0%| F|  |TAMS 0x0000000748a00000, 0x0000000748a00000| Untracked 
| 139|0x0000000748b00000, 0x0000000748b00000, 0x0000000748c00000|  0%| F|  |TAMS 0x0000000748b00000, 0x0000000748b00000| Untracked 
| 140|0x0000000748c00000, 0x0000000748c00000, 0x0000000748d00000|  0%| F|  |TAMS 0x0000000748c00000, 0x0000000748c00000| Untracked 
| 141|0x0000000748d00000, 0x0000000748d00000, 0x0000000748e00000|  0%| F|  |TAMS 0x0000000748d00000, 0x0000000748d00000| Untracked 
| 142|0x0000000748e00000, 0x0000000748e00000, 0x0000000748f00000|  0%| F|  |TAMS 0x0000000748e00000, 0x0000000748e00000| Untracked 
| 143|0x0000000748f00000, 0x0000000748f00000, 0x0000000749000000|  0%| F|  |TAMS 0x0000000748f00000, 0x0000000748f00000| Untracked 
| 144|0x0000000749000000, 0x0000000749000000, 0x0000000749100000|  0%| F|  |TAMS 0x0000000749000000, 0x0000000749000000| Untracked 
| 145|0x0000000749100000, 0x0000000749100000, 0x0000000749200000|  0%| F|  |TAMS 0x0000000749100000, 0x0000000749100000| Untracked 
| 146|0x0000000749200000, 0x0000000749200000, 0x0000000749300000|  0%| F|  |TAMS 0x0000000749200000, 0x0000000749200000| Untracked 
| 147|0x0000000749300000, 0x0000000749300000, 0x0000000749400000|  0%| F|  |TAMS 0x0000000749300000, 0x0000000749300000| Untracked 
| 148|0x0000000749400000, 0x0000000749400000, 0x0000000749500000|  0%| F|  |TAMS 0x0000000749400000, 0x0000000749400000| Untracked 
| 149|0x0000000749500000, 0x0000000749500000, 0x0000000749600000|  0%| F|  |TAMS 0x0000000749500000, 0x0000000749500000| Untracked 
| 150|0x0000000749600000, 0x0000000749600000, 0x0000000749700000|  0%| F|  |TAMS 0x0000000749600000, 0x0000000749600000| Untracked 
| 151|0x0000000749700000, 0x0000000749700000, 0x0000000749800000|  0%| F|  |TAMS 0x0000000749700000, 0x0000000749700000| Untracked 
| 152|0x0000000749800000, 0x0000000749800000, 0x0000000749900000|  0%| F|  |TAMS 0x0000000749800000, 0x0000000749800000| Untracked 
| 153|0x0000000749900000, 0x0000000749900000, 0x0000000749a00000|  0%| F|  |TAMS 0x0000000749900000, 0x0000000749900000| Untracked 
| 154|0x0000000749a00000, 0x0000000749a00000, 0x0000000749b00000|  0%| F|  |TAMS 0x0000000749a00000, 0x0000000749a00000| Untracked 
| 155|0x0000000749b00000, 0x0000000749b00000, 0x0000000749c00000|  0%| F|  |TAMS 0x0000000749b00000, 0x0000000749b00000| Untracked 
| 156|0x0000000749c00000, 0x0000000749c00000, 0x0000000749d00000|  0%| F|  |TAMS 0x0000000749c00000, 0x0000000749c00000| Untracked 
| 157|0x0000000749d00000, 0x0000000749d00000, 0x0000000749e00000|  0%| F|  |TAMS 0x0000000749d00000, 0x0000000749d00000| Untracked 
| 158|0x0000000749e00000, 0x0000000749e00000, 0x0000000749f00000|  0%| F|  |TAMS 0x0000000749e00000, 0x0000000749e00000| Untracked 
| 159|0x0000000749f00000, 0x0000000749f00000, 0x000000074a000000|  0%| F|  |TAMS 0x0000000749f00000, 0x0000000749f00000| Untracked 
| 160|0x000000074a000000, 0x000000074a000000, 0x000000074a100000|  0%| F|  |TAMS 0x000000074a000000, 0x000000074a000000| Untracked 
| 161|0x000000074a100000, 0x000000074a100000, 0x000000074a200000|  0%| F|  |TAMS 0x000000074a100000, 0x000000074a100000| Untracked 
| 162|0x000000074a200000, 0x000000074a200000, 0x000000074a300000|  0%| F|  |TAMS 0x000000074a200000, 0x000000074a200000| Untracked 
| 163|0x000000074a300000, 0x000000074a300000, 0x000000074a400000|  0%| F|  |TAMS 0x000000074a300000, 0x000000074a300000| Untracked 
| 164|0x000000074a400000, 0x000000074a400000, 0x000000074a500000|  0%| F|  |TAMS 0x000000074a400000, 0x000000074a400000| Untracked 
| 165|0x000000074a500000, 0x000000074a500000, 0x000000074a600000|  0%| F|  |TAMS 0x000000074a500000, 0x000000074a500000| Untracked 
| 166|0x000000074a600000, 0x000000074a600000, 0x000000074a700000|  0%| F|  |TAMS 0x000000074a600000, 0x000000074a600000| Untracked 
| 167|0x000000074a700000, 0x000000074a700000, 0x000000074a800000|  0%| F|  |TAMS 0x000000074a700000, 0x000000074a700000| Untracked 
| 168|0x000000074a800000, 0x000000074a800000, 0x000000074a900000|  0%| F|  |TAMS 0x000000074a800000, 0x000000074a800000| Untracked 
| 169|0x000000074a900000, 0x000000074a900000, 0x000000074aa00000|  0%| F|  |TAMS 0x000000074a900000, 0x000000074a900000| Untracked 
| 170|0x000000074aa00000, 0x000000074aa00000, 0x000000074ab00000|  0%| F|  |TAMS 0x000000074aa00000, 0x000000074aa00000| Untracked 
| 171|0x000000074ab00000, 0x000000074ab00000, 0x000000074ac00000|  0%| F|  |TAMS 0x000000074ab00000, 0x000000074ab00000| Untracked 
| 172|0x000000074ac00000, 0x000000074ac00000, 0x000000074ad00000|  0%| F|  |TAMS 0x000000074ac00000, 0x000000074ac00000| Untracked 
| 173|0x000000074ad00000, 0x000000074ad00000, 0x000000074ae00000|  0%| F|  |TAMS 0x000000074ad00000, 0x000000074ad00000| Untracked 
| 174|0x000000074ae00000, 0x000000074ae00000, 0x000000074af00000|  0%| F|  |TAMS 0x000000074ae00000, 0x000000074ae00000| Untracked 
| 175|0x000000074af00000, 0x000000074af00000, 0x000000074b000000|  0%| F|  |TAMS 0x000000074af00000, 0x000000074af00000| Untracked 
| 176|0x000000074b000000, 0x000000074b000000, 0x000000074b100000|  0%| F|  |TAMS 0x000000074b000000, 0x000000074b000000| Untracked 
| 177|0x000000074b100000, 0x000000074b100000, 0x000000074b200000|  0%| F|  |TAMS 0x000000074b100000, 0x000000074b100000| Untracked 
| 178|0x000000074b200000, 0x000000074b200000, 0x000000074b300000|  0%| F|  |TAMS 0x000000074b200000, 0x000000074b200000| Untracked 
| 179|0x000000074b300000, 0x000000074b300000, 0x000000074b400000|  0%| F|  |TAMS 0x000000074b300000, 0x000000074b300000| Untracked 
| 180|0x000000074b400000, 0x000000074b400000, 0x000000074b500000|  0%| F|  |TAMS 0x000000074b400000, 0x000000074b400000| Untracked 
| 181|0x000000074b500000, 0x000000074b500000, 0x000000074b600000|  0%| F|  |TAMS 0x000000074b500000, 0x000000074b500000| Untracked 
| 182|0x000000074b600000, 0x000000074b600000, 0x000000074b700000|  0%| F|  |TAMS 0x000000074b600000, 0x000000074b600000| Untracked 
| 183|0x000000074b700000, 0x000000074b700000, 0x000000074b800000|  0%| F|  |TAMS 0x000000074b700000, 0x000000074b700000| Untracked 
| 184|0x000000074b800000, 0x000000074b800000, 0x000000074b900000|  0%| F|  |TAMS 0x000000074b800000, 0x000000074b800000| Untracked 
| 185|0x000000074b900000, 0x000000074b900000, 0x000000074ba00000|  0%| F|  |TAMS 0x000000074b900000, 0x000000074b900000| Untracked 
| 186|0x000000074ba00000, 0x000000074ba00000, 0x000000074bb00000|  0%| F|  |TAMS 0x000000074ba00000, 0x000000074ba00000| Untracked 
| 187|0x000000074bb00000, 0x000000074bb00000, 0x000000074bc00000|  0%| F|  |TAMS 0x000000074bb00000, 0x000000074bb00000| Untracked 
| 188|0x000000074bc00000, 0x000000074bc00000, 0x000000074bd00000|  0%| F|  |TAMS 0x000000074bc00000, 0x000000074bc00000| Untracked 
| 189|0x000000074bd00000, 0x000000074bd00000, 0x000000074be00000|  0%| F|  |TAMS 0x000000074bd00000, 0x000000074bd00000| Untracked 
| 190|0x000000074be00000, 0x000000074be00000, 0x000000074bf00000|  0%| F|  |TAMS 0x000000074be00000, 0x000000074be00000| Untracked 
| 191|0x000000074bf00000, 0x000000074bf00000, 0x000000074c000000|  0%| F|  |TAMS 0x000000074bf00000, 0x000000074bf00000| Untracked 
| 192|0x000000074c000000, 0x000000074c000000, 0x000000074c100000|  0%| F|  |TAMS 0x000000074c000000, 0x000000074c000000| Untracked 
| 193|0x000000074c100000, 0x000000074c100000, 0x000000074c200000|  0%| F|  |TAMS 0x000000074c100000, 0x000000074c100000| Untracked 
| 194|0x000000074c200000, 0x000000074c200000, 0x000000074c300000|  0%| F|  |TAMS 0x000000074c200000, 0x000000074c200000| Untracked 
| 195|0x000000074c300000, 0x000000074c300000, 0x000000074c400000|  0%| F|  |TAMS 0x000000074c300000, 0x000000074c300000| Untracked 
| 196|0x000000074c400000, 0x000000074c400000, 0x000000074c500000|  0%| F|  |TAMS 0x000000074c400000, 0x000000074c400000| Untracked 
| 197|0x000000074c500000, 0x000000074c500000, 0x000000074c600000|  0%| F|  |TAMS 0x000000074c500000, 0x000000074c500000| Untracked 
| 198|0x000000074c600000, 0x000000074c600000, 0x000000074c700000|  0%| F|  |TAMS 0x000000074c600000, 0x000000074c600000| Untracked 
| 199|0x000000074c700000, 0x000000074c700000, 0x000000074c800000|  0%| F|  |TAMS 0x000000074c700000, 0x000000074c700000| Untracked 
| 200|0x000000074c800000, 0x000000074c800000, 0x000000074c900000|  0%| F|  |TAMS 0x000000074c800000, 0x000000074c800000| Untracked 
| 201|0x000000074c900000, 0x000000074c900000, 0x000000074ca00000|  0%| F|  |TAMS 0x000000074c900000, 0x000000074c900000| Untracked 
| 202|0x000000074ca00000, 0x000000074ca00000, 0x000000074cb00000|  0%| F|  |TAMS 0x000000074ca00000, 0x000000074ca00000| Untracked 
| 203|0x000000074cb00000, 0x000000074cb00000, 0x000000074cc00000|  0%| F|  |TAMS 0x000000074cb00000, 0x000000074cb00000| Untracked 
| 204|0x000000074cc00000, 0x000000074cc00000, 0x000000074cd00000|  0%| F|  |TAMS 0x000000074cc00000, 0x000000074cc00000| Untracked 
| 205|0x000000074cd00000, 0x000000074cd00000, 0x000000074ce00000|  0%| F|  |TAMS 0x000000074cd00000, 0x000000074cd00000| Untracked 
| 206|0x000000074ce00000, 0x000000074ce00000, 0x000000074cf00000|  0%| F|  |TAMS 0x000000074ce00000, 0x000000074ce00000| Untracked 
| 207|0x000000074cf00000, 0x000000074cf00000, 0x000000074d000000|  0%| F|  |TAMS 0x000000074cf00000, 0x000000074cf00000| Untracked 
| 208|0x000000074d000000, 0x000000074d000000, 0x000000074d100000|  0%| F|  |TAMS 0x000000074d000000, 0x000000074d000000| Untracked 
| 209|0x000000074d100000, 0x000000074d100000, 0x000000074d200000|  0%| F|  |TAMS 0x000000074d100000, 0x000000074d100000| Untracked 
| 210|0x000000074d200000, 0x000000074d200000, 0x000000074d300000|  0%| F|  |TAMS 0x000000074d200000, 0x000000074d200000| Untracked 
| 211|0x000000074d300000, 0x000000074d300000, 0x000000074d400000|  0%| F|  |TAMS 0x000000074d300000, 0x000000074d300000| Untracked 
| 212|0x000000074d400000, 0x000000074d400000, 0x000000074d500000|  0%| F|  |TAMS 0x000000074d400000, 0x000000074d400000| Untracked 
| 213|0x000000074d500000, 0x000000074d500000, 0x000000074d600000|  0%| F|  |TAMS 0x000000074d500000, 0x000000074d500000| Untracked 
| 214|0x000000074d600000, 0x000000074d600000, 0x000000074d700000|  0%| F|  |TAMS 0x000000074d600000, 0x000000074d600000| Untracked 
| 215|0x000000074d700000, 0x000000074d700000, 0x000000074d800000|  0%| F|  |TAMS 0x000000074d700000, 0x000000074d700000| Untracked 
| 216|0x000000074d800000, 0x000000074d800000, 0x000000074d900000|  0%| F|  |TAMS 0x000000074d800000, 0x000000074d800000| Untracked 
| 217|0x000000074d900000, 0x000000074d900000, 0x000000074da00000|  0%| F|  |TAMS 0x000000074d900000, 0x000000074d900000| Untracked 
| 218|0x000000074da00000, 0x000000074da00000, 0x000000074db00000|  0%| F|  |TAMS 0x000000074da00000, 0x000000074da00000| Untracked 
| 219|0x000000074db00000, 0x000000074db00000, 0x000000074dc00000|  0%| F|  |TAMS 0x000000074db00000, 0x000000074db00000| Untracked 
| 220|0x000000074dc00000, 0x000000074dc00000, 0x000000074dd00000|  0%| F|  |TAMS 0x000000074dc00000, 0x000000074dc00000| Untracked 
| 221|0x000000074dd00000, 0x000000074dd00000, 0x000000074de00000|  0%| F|  |TAMS 0x000000074dd00000, 0x000000074dd00000| Untracked 
| 222|0x000000074de00000, 0x000000074de00000, 0x000000074df00000|  0%| F|  |TAMS 0x000000074de00000, 0x000000074de00000| Untracked 
| 223|0x000000074df00000, 0x000000074df00000, 0x000000074e000000|  0%| F|  |TAMS 0x000000074df00000, 0x000000074df00000| Untracked 
| 224|0x000000074e000000, 0x000000074e000000, 0x000000074e100000|  0%| F|  |TAMS 0x000000074e000000, 0x000000074e000000| Untracked 
| 225|0x000000074e100000, 0x000000074e100000, 0x000000074e200000|  0%| F|  |TAMS 0x000000074e100000, 0x000000074e100000| Untracked 
| 226|0x000000074e200000, 0x000000074e200000, 0x000000074e300000|  0%| F|  |TAMS 0x000000074e200000, 0x000000074e200000| Untracked 
| 227|0x000000074e300000, 0x000000074e300000, 0x000000074e400000|  0%| F|  |TAMS 0x000000074e300000, 0x000000074e300000| Untracked 
| 228|0x000000074e400000, 0x000000074e400000, 0x000000074e500000|  0%| F|  |TAMS 0x000000074e400000, 0x000000074e400000| Untracked 
| 229|0x000000074e500000, 0x000000074e500000, 0x000000074e600000|  0%| F|  |TAMS 0x000000074e500000, 0x000000074e500000| Untracked 
| 230|0x000000074e600000, 0x000000074e600000, 0x000000074e700000|  0%| F|  |TAMS 0x000000074e600000, 0x000000074e600000| Untracked 
| 231|0x000000074e700000, 0x000000074e700000, 0x000000074e800000|  0%| F|  |TAMS 0x000000074e700000, 0x000000074e700000| Untracked 
| 232|0x000000074e800000, 0x000000074e800000, 0x000000074e900000|  0%| F|  |TAMS 0x000000074e800000, 0x000000074e800000| Untracked 
| 233|0x000000074e900000, 0x000000074e900000, 0x000000074ea00000|  0%| F|  |TAMS 0x000000074e900000, 0x000000074e900000| Untracked 
| 234|0x000000074ea00000, 0x000000074ea00000, 0x000000074eb00000|  0%| F|  |TAMS 0x000000074ea00000, 0x000000074ea00000| Untracked 
| 235|0x000000074eb00000, 0x000000074eb00000, 0x000000074ec00000|  0%| F|  |TAMS 0x000000074eb00000, 0x000000074eb00000| Untracked 
| 236|0x000000074ec00000, 0x000000074ec00000, 0x000000074ed00000|  0%| F|  |TAMS 0x000000074ec00000, 0x000000074ec00000| Untracked 
| 237|0x000000074ed00000, 0x000000074ed00000, 0x000000074ee00000|  0%| F|  |TAMS 0x000000074ed00000, 0x000000074ed00000| Untracked 
| 238|0x000000074ee00000, 0x000000074ee00000, 0x000000074ef00000|  0%| F|  |TAMS 0x000000074ee00000, 0x000000074ee00000| Untracked 
| 239|0x000000074ef00000, 0x000000074ef00000, 0x000000074f000000|  0%| F|  |TAMS 0x000000074ef00000, 0x000000074ef00000| Untracked 
| 240|0x000000074f000000, 0x000000074f000000, 0x000000074f100000|  0%| F|  |TAMS 0x000000074f000000, 0x000000074f000000| Untracked 
| 241|0x000000074f100000, 0x000000074f100000, 0x000000074f200000|  0%| F|  |TAMS 0x000000074f100000, 0x000000074f100000| Untracked 
| 242|0x000000074f200000, 0x000000074f200000, 0x000000074f300000|  0%| F|  |TAMS 0x000000074f200000, 0x000000074f200000| Untracked 
| 243|0x000000074f300000, 0x000000074f300000, 0x000000074f400000|  0%| F|  |TAMS 0x000000074f300000, 0x000000074f300000| Untracked 
| 244|0x000000074f400000, 0x000000074f400000, 0x000000074f500000|  0%| F|  |TAMS 0x000000074f400000, 0x000000074f400000| Untracked 
| 245|0x000000074f500000, 0x000000074f500000, 0x000000074f600000|  0%| F|  |TAMS 0x000000074f500000, 0x000000074f500000| Untracked 
| 246|0x000000074f600000, 0x000000074f600000, 0x000000074f700000|  0%| F|  |TAMS 0x000000074f600000, 0x000000074f600000| Untracked 
| 247|0x000000074f700000, 0x000000074f700000, 0x000000074f800000|  0%| F|  |TAMS 0x000000074f700000, 0x000000074f700000| Untracked 
| 248|0x000000074f800000, 0x000000074f800000, 0x000000074f900000|  0%| F|  |TAMS 0x000000074f800000, 0x000000074f800000| Untracked 
| 249|0x000000074f900000, 0x000000074f900000, 0x000000074fa00000|  0%| F|  |TAMS 0x000000074f900000, 0x000000074f900000| Untracked 
| 250|0x000000074fa00000, 0x000000074fa00000, 0x000000074fb00000|  0%| F|  |TAMS 0x000000074fa00000, 0x000000074fa00000| Untracked 
| 251|0x000000074fb00000, 0x000000074fb00000, 0x000000074fc00000|  0%| F|  |TAMS 0x000000074fb00000, 0x000000074fb00000| Untracked 
| 252|0x000000074fc00000, 0x000000074fc00000, 0x000000074fd00000|  0%| F|  |TAMS 0x000000074fc00000, 0x000000074fc00000| Untracked 
| 253|0x000000074fd00000, 0x000000074fd00000, 0x000000074fe00000|  0%| F|  |TAMS 0x000000074fd00000, 0x000000074fd00000| Untracked 
| 254|0x000000074fe00000, 0x000000074fe00000, 0x000000074ff00000|  0%| F|  |TAMS 0x000000074fe00000, 0x000000074fe00000| Untracked 
| 255|0x000000074ff00000, 0x000000074ff00000, 0x0000000750000000|  0%| F|  |TAMS 0x000000074ff00000, 0x000000074ff00000| Untracked 
| 256|0x0000000750000000, 0x0000000750000000, 0x0000000750100000|  0%| F|  |TAMS 0x0000000750000000, 0x0000000750000000| Untracked 
| 257|0x0000000750100000, 0x0000000750100000, 0x0000000750200000|  0%| F|  |TAMS 0x0000000750100000, 0x0000000750100000| Untracked 
| 258|0x0000000750200000, 0x0000000750200000, 0x0000000750300000|  0%| F|  |TAMS 0x0000000750200000, 0x0000000750200000| Untracked 
| 259|0x0000000750300000, 0x0000000750300000, 0x0000000750400000|  0%| F|  |TAMS 0x0000000750300000, 0x0000000750300000| Untracked 
| 260|0x0000000750400000, 0x0000000750400000, 0x0000000750500000|  0%| F|  |TAMS 0x0000000750400000, 0x0000000750400000| Untracked 
| 261|0x0000000750500000, 0x0000000750500000, 0x0000000750600000|  0%| F|  |TAMS 0x0000000750500000, 0x0000000750500000| Untracked 
| 262|0x0000000750600000, 0x0000000750600000, 0x0000000750700000|  0%| F|  |TAMS 0x0000000750600000, 0x0000000750600000| Untracked 
| 263|0x0000000750700000, 0x0000000750700000, 0x0000000750800000|  0%| F|  |TAMS 0x0000000750700000, 0x0000000750700000| Untracked 
| 264|0x0000000750800000, 0x0000000750800000, 0x0000000750900000|  0%| F|  |TAMS 0x0000000750800000, 0x0000000750800000| Untracked 
| 265|0x0000000750900000, 0x0000000750900000, 0x0000000750a00000|  0%| F|  |TAMS 0x0000000750900000, 0x0000000750900000| Untracked 
| 266|0x0000000750a00000, 0x0000000750a00000, 0x0000000750b00000|  0%| F|  |TAMS 0x0000000750a00000, 0x0000000750a00000| Untracked 
| 267|0x0000000750b00000, 0x0000000750b00000, 0x0000000750c00000|  0%| F|  |TAMS 0x0000000750b00000, 0x0000000750b00000| Untracked 
| 268|0x0000000750c00000, 0x0000000750c00000, 0x0000000750d00000|  0%| F|  |TAMS 0x0000000750c00000, 0x0000000750c00000| Untracked 
| 269|0x0000000750d00000, 0x0000000750d00000, 0x0000000750e00000|  0%| F|  |TAMS 0x0000000750d00000, 0x0000000750d00000| Untracked 
| 270|0x0000000750e00000, 0x0000000750e00000, 0x0000000750f00000|  0%| F|  |TAMS 0x0000000750e00000, 0x0000000750e00000| Untracked 
| 271|0x0000000750f00000, 0x0000000750f00000, 0x0000000751000000|  0%| F|  |TAMS 0x0000000750f00000, 0x0000000750f00000| Untracked 
| 272|0x0000000751000000, 0x0000000751000000, 0x0000000751100000|  0%| F|  |TAMS 0x0000000751000000, 0x0000000751000000| Untracked 
| 273|0x0000000751100000, 0x0000000751100000, 0x0000000751200000|  0%| F|  |TAMS 0x0000000751100000, 0x0000000751100000| Untracked 
| 274|0x0000000751200000, 0x0000000751200000, 0x0000000751300000|  0%| F|  |TAMS 0x0000000751200000, 0x0000000751200000| Untracked 
| 275|0x0000000751300000, 0x0000000751300000, 0x0000000751400000|  0%| F|  |TAMS 0x0000000751300000, 0x0000000751300000| Untracked 
| 276|0x0000000751400000, 0x0000000751400000, 0x0000000751500000|  0%| F|  |TAMS 0x0000000751400000, 0x0000000751400000| Untracked 
| 277|0x0000000751500000, 0x0000000751500000, 0x0000000751600000|  0%| F|  |TAMS 0x0000000751500000, 0x0000000751500000| Untracked 
| 278|0x0000000751600000, 0x0000000751600000, 0x0000000751700000|  0%| F|  |TAMS 0x0000000751600000, 0x0000000751600000| Untracked 
| 279|0x0000000751700000, 0x0000000751700000, 0x0000000751800000|  0%| F|  |TAMS 0x0000000751700000, 0x0000000751700000| Untracked 
| 280|0x0000000751800000, 0x0000000751800000, 0x0000000751900000|  0%| F|  |TAMS 0x0000000751800000, 0x0000000751800000| Untracked 
| 281|0x0000000751900000, 0x0000000751900000, 0x0000000751a00000|  0%| F|  |TAMS 0x0000000751900000, 0x0000000751900000| Untracked 
| 282|0x0000000751a00000, 0x0000000751a00000, 0x0000000751b00000|  0%| F|  |TAMS 0x0000000751a00000, 0x0000000751a00000| Untracked 
| 283|0x0000000751b00000, 0x0000000751b00000, 0x0000000751c00000|  0%| F|  |TAMS 0x0000000751b00000, 0x0000000751b00000| Untracked 
| 284|0x0000000751c00000, 0x0000000751c00000, 0x0000000751d00000|  0%| F|  |TAMS 0x0000000751c00000, 0x0000000751c00000| Untracked 
| 285|0x0000000751d00000, 0x0000000751d00000, 0x0000000751e00000|  0%| F|  |TAMS 0x0000000751d00000, 0x0000000751d00000| Untracked 
| 286|0x0000000751e00000, 0x0000000751e00000, 0x0000000751f00000|  0%| F|  |TAMS 0x0000000751e00000, 0x0000000751e00000| Untracked 
| 287|0x0000000751f00000, 0x0000000751f00000, 0x0000000752000000|  0%| F|  |TAMS 0x0000000751f00000, 0x0000000751f00000| Untracked 
| 288|0x0000000752000000, 0x0000000752000000, 0x0000000752100000|  0%| F|  |TAMS 0x0000000752000000, 0x0000000752000000| Untracked 
| 289|0x0000000752100000, 0x0000000752100000, 0x0000000752200000|  0%| F|  |TAMS 0x0000000752100000, 0x0000000752100000| Untracked 
| 290|0x0000000752200000, 0x0000000752200000, 0x0000000752300000|  0%| F|  |TAMS 0x0000000752200000, 0x0000000752200000| Untracked 
| 291|0x0000000752300000, 0x00000007523fd8d0, 0x0000000752400000| 99%| S|CS|TAMS 0x0000000752300000, 0x0000000752300000| Complete 
| 292|0x0000000752400000, 0x0000000752500000, 0x0000000752500000|100%| S|CS|TAMS 0x0000000752400000, 0x0000000752400000| Complete 
| 293|0x0000000752500000, 0x0000000752600000, 0x0000000752600000|100%| S|CS|TAMS 0x0000000752500000, 0x0000000752500000| Complete 
| 294|0x0000000752600000, 0x0000000752700000, 0x0000000752700000|100%| S|CS|TAMS 0x0000000752600000, 0x0000000752600000| Complete 
| 295|0x0000000752700000, 0x0000000752800000, 0x0000000752800000|100%| S|CS|TAMS 0x0000000752700000, 0x0000000752700000| Complete 
| 296|0x0000000752800000, 0x0000000752900000, 0x0000000752900000|100%| S|CS|TAMS 0x0000000752800000, 0x0000000752800000| Complete 
| 297|0x0000000752900000, 0x0000000752a00000, 0x0000000752a00000|100%| S|CS|TAMS 0x0000000752900000, 0x0000000752900000| Complete 
| 298|0x0000000752a00000, 0x0000000752b00000, 0x0000000752b00000|100%| S|CS|TAMS 0x0000000752a00000, 0x0000000752a00000| Complete 
| 299|0x0000000752b00000, 0x0000000752c00000, 0x0000000752c00000|100%| S|CS|TAMS 0x0000000752b00000, 0x0000000752b00000| Complete 
| 300|0x0000000752c00000, 0x0000000752d00000, 0x0000000752d00000|100%| S|CS|TAMS 0x0000000752c00000, 0x0000000752c00000| Complete 
| 301|0x0000000752d00000, 0x0000000752e00000, 0x0000000752e00000|100%| S|CS|TAMS 0x0000000752d00000, 0x0000000752d00000| Complete 
| 302|0x0000000752e00000, 0x0000000752f00000, 0x0000000752f00000|100%| S|CS|TAMS 0x0000000752e00000, 0x0000000752e00000| Complete 
| 303|0x0000000752f00000, 0x0000000753000000, 0x0000000753000000|100%| S|CS|TAMS 0x0000000752f00000, 0x0000000752f00000| Complete 
| 304|0x0000000753000000, 0x0000000753100000, 0x0000000753100000|100%| S|CS|TAMS 0x0000000753000000, 0x0000000753000000| Complete 
| 305|0x0000000753100000, 0x0000000753200000, 0x0000000753200000|100%| S|CS|TAMS 0x0000000753100000, 0x0000000753100000| Complete 
| 306|0x0000000753200000, 0x0000000753200000, 0x0000000753300000|  0%| F|  |TAMS 0x0000000753200000, 0x0000000753200000| Untracked 
| 307|0x0000000753300000, 0x0000000753300000, 0x0000000753400000|  0%| F|  |TAMS 0x0000000753300000, 0x0000000753300000| Untracked 
| 308|0x0000000753400000, 0x0000000753400000, 0x0000000753500000|  0%| F|  |TAMS 0x0000000753400000, 0x0000000753400000| Untracked 
| 309|0x0000000753500000, 0x0000000753500000, 0x0000000753600000|  0%| F|  |TAMS 0x0000000753500000, 0x0000000753500000| Untracked 
| 310|0x0000000753600000, 0x0000000753600000, 0x0000000753700000|  0%| F|  |TAMS 0x0000000753600000, 0x0000000753600000| Untracked 
| 311|0x0000000753700000, 0x0000000753700000, 0x0000000753800000|  0%| F|  |TAMS 0x0000000753700000, 0x0000000753700000| Untracked 
| 312|0x0000000753800000, 0x0000000753800000, 0x0000000753900000|  0%| F|  |TAMS 0x0000000753800000, 0x0000000753800000| Untracked 
| 313|0x0000000753900000, 0x0000000753900000, 0x0000000753a00000|  0%| F|  |TAMS 0x0000000753900000, 0x0000000753900000| Untracked 
| 314|0x0000000753a00000, 0x0000000753a00000, 0x0000000753b00000|  0%| F|  |TAMS 0x0000000753a00000, 0x0000000753a00000| Untracked 
| 315|0x0000000753b00000, 0x0000000753b00000, 0x0000000753c00000|  0%| F|  |TAMS 0x0000000753b00000, 0x0000000753b00000| Untracked 
| 316|0x0000000753c00000, 0x0000000753c00000, 0x0000000753d00000|  0%| F|  |TAMS 0x0000000753c00000, 0x0000000753c00000| Untracked 
| 317|0x0000000753d00000, 0x0000000753d00000, 0x0000000753e00000|  0%| F|  |TAMS 0x0000000753d00000, 0x0000000753d00000| Untracked 
| 318|0x0000000753e00000, 0x0000000753e00000, 0x0000000753f00000|  0%| F|  |TAMS 0x0000000753e00000, 0x0000000753e00000| Untracked 
| 319|0x0000000753f00000, 0x0000000753f00000, 0x0000000754000000|  0%| F|  |TAMS 0x0000000753f00000, 0x0000000753f00000| Untracked 
| 320|0x0000000754000000, 0x0000000754000000, 0x0000000754100000|  0%| F|  |TAMS 0x0000000754000000, 0x0000000754000000| Untracked 
| 321|0x0000000754100000, 0x0000000754100000, 0x0000000754200000|  0%| F|  |TAMS 0x0000000754100000, 0x0000000754100000| Untracked 
| 322|0x0000000754200000, 0x0000000754200000, 0x0000000754300000|  0%| F|  |TAMS 0x0000000754200000, 0x0000000754200000| Untracked 
| 323|0x0000000754300000, 0x0000000754300000, 0x0000000754400000|  0%| F|  |TAMS 0x0000000754300000, 0x0000000754300000| Untracked 
| 324|0x0000000754400000, 0x0000000754400000, 0x0000000754500000|  0%| F|  |TAMS 0x0000000754400000, 0x0000000754400000| Untracked 
| 325|0x0000000754500000, 0x0000000754500000, 0x0000000754600000|  0%| F|  |TAMS 0x0000000754500000, 0x0000000754500000| Untracked 
| 326|0x0000000754600000, 0x0000000754600000, 0x0000000754700000|  0%| F|  |TAMS 0x0000000754600000, 0x0000000754600000| Untracked 
| 327|0x0000000754700000, 0x0000000754700000, 0x0000000754800000|  0%| F|  |TAMS 0x0000000754700000, 0x0000000754700000| Untracked 
| 328|0x0000000754800000, 0x0000000754800000, 0x0000000754900000|  0%| F|  |TAMS 0x0000000754800000, 0x0000000754800000| Untracked 
| 329|0x0000000754900000, 0x0000000754900000, 0x0000000754a00000|  0%| F|  |TAMS 0x0000000754900000, 0x0000000754900000| Untracked 
| 330|0x0000000754a00000, 0x0000000754a00000, 0x0000000754b00000|  0%| F|  |TAMS 0x0000000754a00000, 0x0000000754a00000| Untracked 
| 331|0x0000000754b00000, 0x0000000754b00000, 0x0000000754c00000|  0%| F|  |TAMS 0x0000000754b00000, 0x0000000754b00000| Untracked 
| 332|0x0000000754c00000, 0x0000000754c00000, 0x0000000754d00000|  0%| F|  |TAMS 0x0000000754c00000, 0x0000000754c00000| Untracked 
| 333|0x0000000754d00000, 0x0000000754d00000, 0x0000000754e00000|  0%| F|  |TAMS 0x0000000754d00000, 0x0000000754d00000| Untracked 
| 334|0x0000000754e00000, 0x0000000754e00000, 0x0000000754f00000|  0%| F|  |TAMS 0x0000000754e00000, 0x0000000754e00000| Untracked 
| 335|0x0000000754f00000, 0x0000000754f00000, 0x0000000755000000|  0%| F|  |TAMS 0x0000000754f00000, 0x0000000754f00000| Untracked 
| 336|0x0000000755000000, 0x0000000755000000, 0x0000000755100000|  0%| F|  |TAMS 0x0000000755000000, 0x0000000755000000| Untracked 
| 337|0x0000000755100000, 0x0000000755100000, 0x0000000755200000|  0%| F|  |TAMS 0x0000000755100000, 0x0000000755100000| Untracked 
| 338|0x0000000755200000, 0x0000000755200000, 0x0000000755300000|  0%| F|  |TAMS 0x0000000755200000, 0x0000000755200000| Untracked 
| 339|0x0000000755300000, 0x0000000755300000, 0x0000000755400000|  0%| F|  |TAMS 0x0000000755300000, 0x0000000755300000| Untracked 
| 340|0x0000000755400000, 0x0000000755400000, 0x0000000755500000|  0%| F|  |TAMS 0x0000000755400000, 0x0000000755400000| Untracked 
| 341|0x0000000755500000, 0x0000000755500000, 0x0000000755600000|  0%| F|  |TAMS 0x0000000755500000, 0x0000000755500000| Untracked 
| 342|0x0000000755600000, 0x0000000755600000, 0x0000000755700000|  0%| F|  |TAMS 0x0000000755600000, 0x0000000755600000| Untracked 
| 343|0x0000000755700000, 0x0000000755700000, 0x0000000755800000|  0%| F|  |TAMS 0x0000000755700000, 0x0000000755700000| Untracked 
| 344|0x0000000755800000, 0x0000000755800000, 0x0000000755900000|  0%| F|  |TAMS 0x0000000755800000, 0x0000000755800000| Untracked 
| 345|0x0000000755900000, 0x0000000755900000, 0x0000000755a00000|  0%| F|  |TAMS 0x0000000755900000, 0x0000000755900000| Untracked 
| 346|0x0000000755a00000, 0x0000000755a00000, 0x0000000755b00000|  0%| F|  |TAMS 0x0000000755a00000, 0x0000000755a00000| Untracked 
| 347|0x0000000755b00000, 0x0000000755b00000, 0x0000000755c00000|  0%| F|  |TAMS 0x0000000755b00000, 0x0000000755b00000| Untracked 
| 348|0x0000000755c00000, 0x0000000755c00000, 0x0000000755d00000|  0%| F|  |TAMS 0x0000000755c00000, 0x0000000755c00000| Untracked 
| 349|0x0000000755d00000, 0x0000000755d00000, 0x0000000755e00000|  0%| F|  |TAMS 0x0000000755d00000, 0x0000000755d00000| Untracked 
| 350|0x0000000755e00000, 0x0000000755e00000, 0x0000000755f00000|  0%| F|  |TAMS 0x0000000755e00000, 0x0000000755e00000| Untracked 
| 351|0x0000000755f00000, 0x0000000755f00000, 0x0000000756000000|  0%| F|  |TAMS 0x0000000755f00000, 0x0000000755f00000| Untracked 
| 352|0x0000000756000000, 0x0000000756000000, 0x0000000756100000|  0%| F|  |TAMS 0x0000000756000000, 0x0000000756000000| Untracked 
| 353|0x0000000756100000, 0x0000000756100000, 0x0000000756200000|  0%| F|  |TAMS 0x0000000756100000, 0x0000000756100000| Untracked 
| 354|0x0000000756200000, 0x0000000756200000, 0x0000000756300000|  0%| F|  |TAMS 0x0000000756200000, 0x0000000756200000| Untracked 
| 355|0x0000000756300000, 0x0000000756300000, 0x0000000756400000|  0%| F|  |TAMS 0x0000000756300000, 0x0000000756300000| Untracked 
| 356|0x0000000756400000, 0x0000000756400000, 0x0000000756500000|  0%| F|  |TAMS 0x0000000756400000, 0x0000000756400000| Untracked 
| 357|0x0000000756500000, 0x0000000756500000, 0x0000000756600000|  0%| F|  |TAMS 0x0000000756500000, 0x0000000756500000| Untracked 
| 358|0x0000000756600000, 0x0000000756600000, 0x0000000756700000|  0%| F|  |TAMS 0x0000000756600000, 0x0000000756600000| Untracked 
| 359|0x0000000756700000, 0x0000000756700000, 0x0000000756800000|  0%| F|  |TAMS 0x0000000756700000, 0x0000000756700000| Untracked 
| 360|0x0000000756800000, 0x0000000756800000, 0x0000000756900000|  0%| F|  |TAMS 0x0000000756800000, 0x0000000756800000| Untracked 
| 361|0x0000000756900000, 0x0000000756900000, 0x0000000756a00000|  0%| F|  |TAMS 0x0000000756900000, 0x0000000756900000| Untracked 
| 362|0x0000000756a00000, 0x0000000756a00000, 0x0000000756b00000|  0%| F|  |TAMS 0x0000000756a00000, 0x0000000756a00000| Untracked 
| 363|0x0000000756b00000, 0x0000000756b00000, 0x0000000756c00000|  0%| F|  |TAMS 0x0000000756b00000, 0x0000000756b00000| Untracked 
| 364|0x0000000756c00000, 0x0000000756c00000, 0x0000000756d00000|  0%| F|  |TAMS 0x0000000756c00000, 0x0000000756c00000| Untracked 
| 365|0x0000000756d00000, 0x0000000756d00000, 0x0000000756e00000|  0%| F|  |TAMS 0x0000000756d00000, 0x0000000756d00000| Untracked 
| 366|0x0000000756e00000, 0x0000000756e00000, 0x0000000756f00000|  0%| F|  |TAMS 0x0000000756e00000, 0x0000000756e00000| Untracked 
| 367|0x0000000756f00000, 0x0000000756f00000, 0x0000000757000000|  0%| F|  |TAMS 0x0000000756f00000, 0x0000000756f00000| Untracked 
| 368|0x0000000757000000, 0x0000000757000000, 0x0000000757100000|  0%| F|  |TAMS 0x0000000757000000, 0x0000000757000000| Untracked 
| 369|0x0000000757100000, 0x0000000757100000, 0x0000000757200000|  0%| F|  |TAMS 0x0000000757100000, 0x0000000757100000| Untracked 
| 370|0x0000000757200000, 0x0000000757200000, 0x0000000757300000|  0%| F|  |TAMS 0x0000000757200000, 0x0000000757200000| Untracked 
| 371|0x0000000757300000, 0x0000000757300000, 0x0000000757400000|  0%| F|  |TAMS 0x0000000757300000, 0x0000000757300000| Untracked 
| 372|0x0000000757400000, 0x0000000757400000, 0x0000000757500000|  0%| F|  |TAMS 0x0000000757400000, 0x0000000757400000| Untracked 
| 373|0x0000000757500000, 0x0000000757500000, 0x0000000757600000|  0%| F|  |TAMS 0x0000000757500000, 0x0000000757500000| Untracked 
| 374|0x0000000757600000, 0x0000000757600000, 0x0000000757700000|  0%| F|  |TAMS 0x0000000757600000, 0x0000000757600000| Untracked 
| 375|0x0000000757700000, 0x0000000757700000, 0x0000000757800000|  0%| F|  |TAMS 0x0000000757700000, 0x0000000757700000| Untracked 
| 376|0x0000000757800000, 0x0000000757800000, 0x0000000757900000|  0%| F|  |TAMS 0x0000000757800000, 0x0000000757800000| Untracked 
| 377|0x0000000757900000, 0x0000000757900000, 0x0000000757a00000|  0%| F|  |TAMS 0x0000000757900000, 0x0000000757900000| Untracked 
| 378|0x0000000757a00000, 0x0000000757a00000, 0x0000000757b00000|  0%| F|  |TAMS 0x0000000757a00000, 0x0000000757a00000| Untracked 
| 379|0x0000000757b00000, 0x0000000757b00000, 0x0000000757c00000|  0%| F|  |TAMS 0x0000000757b00000, 0x0000000757b00000| Untracked 
| 380|0x0000000757c00000, 0x0000000757c00000, 0x0000000757d00000|  0%| F|  |TAMS 0x0000000757c00000, 0x0000000757c00000| Untracked 
| 381|0x0000000757d00000, 0x0000000757d00000, 0x0000000757e00000|  0%| F|  |TAMS 0x0000000757d00000, 0x0000000757d00000| Untracked 
| 382|0x0000000757e00000, 0x0000000757e00000, 0x0000000757f00000|  0%| F|  |TAMS 0x0000000757e00000, 0x0000000757e00000| Untracked 
| 383|0x0000000757f00000, 0x0000000757f00000, 0x0000000758000000|  0%| F|  |TAMS 0x0000000757f00000, 0x0000000757f00000| Untracked 
| 384|0x0000000758000000, 0x0000000758000000, 0x0000000758100000|  0%| F|  |TAMS 0x0000000758000000, 0x0000000758000000| Untracked 
| 385|0x0000000758100000, 0x0000000758100000, 0x0000000758200000|  0%| F|  |TAMS 0x0000000758100000, 0x0000000758100000| Untracked 
| 386|0x0000000758200000, 0x0000000758200000, 0x0000000758300000|  0%| F|  |TAMS 0x0000000758200000, 0x0000000758200000| Untracked 
| 387|0x0000000758300000, 0x0000000758300000, 0x0000000758400000|  0%| F|  |TAMS 0x0000000758300000, 0x0000000758300000| Untracked 
| 388|0x0000000758400000, 0x0000000758400000, 0x0000000758500000|  0%| F|  |TAMS 0x0000000758400000, 0x0000000758400000| Untracked 
| 389|0x0000000758500000, 0x0000000758500000, 0x0000000758600000|  0%| F|  |TAMS 0x0000000758500000, 0x0000000758500000| Untracked 
| 390|0x0000000758600000, 0x0000000758600000, 0x0000000758700000|  0%| F|  |TAMS 0x0000000758600000, 0x0000000758600000| Untracked 
| 391|0x0000000758700000, 0x0000000758700000, 0x0000000758800000|  0%| F|  |TAMS 0x0000000758700000, 0x0000000758700000| Untracked 
| 392|0x0000000758800000, 0x0000000758800000, 0x0000000758900000|  0%| F|  |TAMS 0x0000000758800000, 0x0000000758800000| Untracked 
| 393|0x0000000758900000, 0x0000000758900000, 0x0000000758a00000|  0%| F|  |TAMS 0x0000000758900000, 0x0000000758900000| Untracked 
| 394|0x0000000758a00000, 0x0000000758a00000, 0x0000000758b00000|  0%| F|  |TAMS 0x0000000758a00000, 0x0000000758a00000| Untracked 
| 395|0x0000000758b00000, 0x0000000758b00000, 0x0000000758c00000|  0%| F|  |TAMS 0x0000000758b00000, 0x0000000758b00000| Untracked 
| 396|0x0000000758c00000, 0x0000000758c00000, 0x0000000758d00000|  0%| F|  |TAMS 0x0000000758c00000, 0x0000000758c00000| Untracked 
| 397|0x0000000758d00000, 0x0000000758d56ac0, 0x0000000758e00000| 33%| E|  |TAMS 0x0000000758d00000, 0x0000000758d00000| Complete 
| 398|0x0000000758e00000, 0x0000000758f00000, 0x0000000758f00000|100%| E|CS|TAMS 0x0000000758e00000, 0x0000000758e00000| Complete 
| 399|0x0000000758f00000, 0x0000000759000000, 0x0000000759000000|100%| E|CS|TAMS 0x0000000758f00000, 0x0000000758f00000| Complete 
| 400|0x0000000759000000, 0x0000000759100000, 0x0000000759100000|100%| E|CS|TAMS 0x0000000759000000, 0x0000000759000000| Complete 
| 401|0x0000000759100000, 0x0000000759200000, 0x0000000759200000|100%| E|CS|TAMS 0x0000000759100000, 0x0000000759100000| Complete 
| 402|0x0000000759200000, 0x0000000759300000, 0x0000000759300000|100%| E|CS|TAMS 0x0000000759200000, 0x0000000759200000| Complete 
| 403|0x0000000759300000, 0x0000000759400000, 0x0000000759400000|100%| E|CS|TAMS 0x0000000759300000, 0x0000000759300000| Complete 
| 404|0x0000000759400000, 0x0000000759500000, 0x0000000759500000|100%| E|CS|TAMS 0x0000000759400000, 0x0000000759400000| Complete 
| 405|0x0000000759500000, 0x0000000759600000, 0x0000000759600000|100%| E|CS|TAMS 0x0000000759500000, 0x0000000759500000| Complete 
| 406|0x0000000759600000, 0x0000000759700000, 0x0000000759700000|100%| E|CS|TAMS 0x0000000759600000, 0x0000000759600000| Complete 
| 407|0x0000000759700000, 0x0000000759800000, 0x0000000759800000|100%| E|CS|TAMS 0x0000000759700000, 0x0000000759700000| Complete 
| 408|0x0000000759800000, 0x0000000759900000, 0x0000000759900000|100%| E|CS|TAMS 0x0000000759800000, 0x0000000759800000| Complete 
| 409|0x0000000759900000, 0x0000000759a00000, 0x0000000759a00000|100%| E|CS|TAMS 0x0000000759900000, 0x0000000759900000| Complete 
| 410|0x0000000759a00000, 0x0000000759b00000, 0x0000000759b00000|100%| E|CS|TAMS 0x0000000759a00000, 0x0000000759a00000| Complete 
| 411|0x0000000759b00000, 0x0000000759c00000, 0x0000000759c00000|100%| E|CS|TAMS 0x0000000759b00000, 0x0000000759b00000| Complete 
| 412|0x0000000759c00000, 0x0000000759d00000, 0x0000000759d00000|100%| E|CS|TAMS 0x0000000759c00000, 0x0000000759c00000| Complete 
| 413|0x0000000759d00000, 0x0000000759e00000, 0x0000000759e00000|100%| E|CS|TAMS 0x0000000759d00000, 0x0000000759d00000| Complete 
| 414|0x0000000759e00000, 0x0000000759f00000, 0x0000000759f00000|100%| E|CS|TAMS 0x0000000759e00000, 0x0000000759e00000| Complete 
| 415|0x0000000759f00000, 0x000000075a000000, 0x000000075a000000|100%| E|CS|TAMS 0x0000000759f00000, 0x0000000759f00000| Complete 
| 416|0x000000075a000000, 0x000000075a100000, 0x000000075a100000|100%| E|CS|TAMS 0x000000075a000000, 0x000000075a000000| Complete 
| 417|0x000000075a100000, 0x000000075a200000, 0x000000075a200000|100%| E|CS|TAMS 0x000000075a100000, 0x000000075a100000| Complete 
| 418|0x000000075a200000, 0x000000075a300000, 0x000000075a300000|100%| E|CS|TAMS 0x000000075a200000, 0x000000075a200000| Complete 
| 419|0x000000075a300000, 0x000000075a400000, 0x000000075a400000|100%| E|CS|TAMS 0x000000075a300000, 0x000000075a300000| Complete 
| 420|0x000000075a400000, 0x000000075a500000, 0x000000075a500000|100%| E|CS|TAMS 0x000000075a400000, 0x000000075a400000| Complete 
| 421|0x000000075a500000, 0x000000075a600000, 0x000000075a600000|100%| E|CS|TAMS 0x000000075a500000, 0x000000075a500000| Complete 
| 422|0x000000075a600000, 0x000000075a700000, 0x000000075a700000|100%| E|CS|TAMS 0x000000075a600000, 0x000000075a600000| Complete 
| 423|0x000000075a700000, 0x000000075a800000, 0x000000075a800000|100%| E|CS|TAMS 0x000000075a700000, 0x000000075a700000| Complete 
| 424|0x000000075a800000, 0x000000075a900000, 0x000000075a900000|100%| E|CS|TAMS 0x000000075a800000, 0x000000075a800000| Complete 
| 425|0x000000075a900000, 0x000000075aa00000, 0x000000075aa00000|100%| E|CS|TAMS 0x000000075a900000, 0x000000075a900000| Complete 
| 426|0x000000075aa00000, 0x000000075ab00000, 0x000000075ab00000|100%| E|CS|TAMS 0x000000075aa00000, 0x000000075aa00000| Complete 
| 427|0x000000075ab00000, 0x000000075ac00000, 0x000000075ac00000|100%| E|CS|TAMS 0x000000075ab00000, 0x000000075ab00000| Complete 
| 428|0x000000075ac00000, 0x000000075ad00000, 0x000000075ad00000|100%| E|CS|TAMS 0x000000075ac00000, 0x000000075ac00000| Complete 
| 429|0x000000075ad00000, 0x000000075ae00000, 0x000000075ae00000|100%| E|CS|TAMS 0x000000075ad00000, 0x000000075ad00000| Complete 
| 430|0x000000075ae00000, 0x000000075af00000, 0x000000075af00000|100%| E|CS|TAMS 0x000000075ae00000, 0x000000075ae00000| Complete 
| 431|0x000000075af00000, 0x000000075b000000, 0x000000075b000000|100%| E|CS|TAMS 0x000000075af00000, 0x000000075af00000| Complete 
| 432|0x000000075b000000, 0x000000075b100000, 0x000000075b100000|100%| E|CS|TAMS 0x000000075b000000, 0x000000075b000000| Complete 
| 433|0x000000075b100000, 0x000000075b200000, 0x000000075b200000|100%| E|CS|TAMS 0x000000075b100000, 0x000000075b100000| Complete 
| 434|0x000000075b200000, 0x000000075b300000, 0x000000075b300000|100%| E|CS|TAMS 0x000000075b200000, 0x000000075b200000| Complete 
| 435|0x000000075b300000, 0x000000075b400000, 0x000000075b400000|100%| E|CS|TAMS 0x000000075b300000, 0x000000075b300000| Complete 
| 436|0x000000075b400000, 0x000000075b500000, 0x000000075b500000|100%| E|CS|TAMS 0x000000075b400000, 0x000000075b400000| Complete 
| 437|0x000000075b500000, 0x000000075b600000, 0x000000075b600000|100%| E|CS|TAMS 0x000000075b500000, 0x000000075b500000| Complete 
| 438|0x000000075b600000, 0x000000075b700000, 0x000000075b700000|100%| E|CS|TAMS 0x000000075b600000, 0x000000075b600000| Complete 
| 439|0x000000075b700000, 0x000000075b800000, 0x000000075b800000|100%| E|CS|TAMS 0x000000075b700000, 0x000000075b700000| Complete 
| 440|0x000000075b800000, 0x000000075b900000, 0x000000075b900000|100%| E|CS|TAMS 0x000000075b800000, 0x000000075b800000| Complete 
| 441|0x000000075b900000, 0x000000075ba00000, 0x000000075ba00000|100%| E|CS|TAMS 0x000000075b900000, 0x000000075b900000| Complete 
| 442|0x000000075ba00000, 0x000000075bb00000, 0x000000075bb00000|100%| E|CS|TAMS 0x000000075ba00000, 0x000000075ba00000| Complete 
| 443|0x000000075bb00000, 0x000000075bc00000, 0x000000075bc00000|100%| E|CS|TAMS 0x000000075bb00000, 0x000000075bb00000| Complete 
| 444|0x000000075bc00000, 0x000000075bd00000, 0x000000075bd00000|100%| E|CS|TAMS 0x000000075bc00000, 0x000000075bc00000| Complete 
| 445|0x000000075bd00000, 0x000000075be00000, 0x000000075be00000|100%| E|CS|TAMS 0x000000075bd00000, 0x000000075bd00000| Complete 
| 446|0x000000075be00000, 0x000000075bf00000, 0x000000075bf00000|100%| E|CS|TAMS 0x000000075be00000, 0x000000075be00000| Complete 
| 447|0x000000075bf00000, 0x000000075c000000, 0x000000075c000000|100%| E|CS|TAMS 0x000000075bf00000, 0x000000075bf00000| Complete 
| 448|0x000000075c000000, 0x000000075c100000, 0x000000075c100000|100%| E|CS|TAMS 0x000000075c000000, 0x000000075c000000| Complete 
| 449|0x000000075c100000, 0x000000075c200000, 0x000000075c200000|100%| E|CS|TAMS 0x000000075c100000, 0x000000075c100000| Complete 
| 450|0x000000075c200000, 0x000000075c300000, 0x000000075c300000|100%| E|CS|TAMS 0x000000075c200000, 0x000000075c200000| Complete 
| 451|0x000000075c300000, 0x000000075c400000, 0x000000075c400000|100%| E|CS|TAMS 0x000000075c300000, 0x000000075c300000| Complete 
| 452|0x000000075c400000, 0x000000075c500000, 0x000000075c500000|100%| E|CS|TAMS 0x000000075c400000, 0x000000075c400000| Complete 
| 453|0x000000075c500000, 0x000000075c600000, 0x000000075c600000|100%| E|CS|TAMS 0x000000075c500000, 0x000000075c500000| Complete 
| 454|0x000000075c600000, 0x000000075c700000, 0x000000075c700000|100%| E|CS|TAMS 0x000000075c600000, 0x000000075c600000| Complete 
| 455|0x000000075c700000, 0x000000075c800000, 0x000000075c800000|100%| E|CS|TAMS 0x000000075c700000, 0x000000075c700000| Complete 
| 456|0x000000075c800000, 0x000000075c900000, 0x000000075c900000|100%| E|CS|TAMS 0x000000075c800000, 0x000000075c800000| Complete 
| 457|0x000000075c900000, 0x000000075ca00000, 0x000000075ca00000|100%| E|CS|TAMS 0x000000075c900000, 0x000000075c900000| Complete 
| 458|0x000000075ca00000, 0x000000075cb00000, 0x000000075cb00000|100%| E|CS|TAMS 0x000000075ca00000, 0x000000075ca00000| Complete 
| 459|0x000000075cb00000, 0x000000075cc00000, 0x000000075cc00000|100%| E|CS|TAMS 0x000000075cb00000, 0x000000075cb00000| Complete 
| 460|0x000000075cc00000, 0x000000075cd00000, 0x000000075cd00000|100%| E|CS|TAMS 0x000000075cc00000, 0x000000075cc00000| Complete 
| 461|0x000000075cd00000, 0x000000075ce00000, 0x000000075ce00000|100%| E|CS|TAMS 0x000000075cd00000, 0x000000075cd00000| Complete 
| 462|0x000000075ce00000, 0x000000075cf00000, 0x000000075cf00000|100%| E|CS|TAMS 0x000000075ce00000, 0x000000075ce00000| Complete 
| 463|0x000000075cf00000, 0x000000075d000000, 0x000000075d000000|100%| E|CS|TAMS 0x000000075cf00000, 0x000000075cf00000| Complete 
| 464|0x000000075d000000, 0x000000075d100000, 0x000000075d100000|100%| E|CS|TAMS 0x000000075d000000, 0x000000075d000000| Complete 
| 465|0x000000075d100000, 0x000000075d200000, 0x000000075d200000|100%| E|CS|TAMS 0x000000075d100000, 0x000000075d100000| Complete 
| 466|0x000000075d200000, 0x000000075d300000, 0x000000075d300000|100%| E|CS|TAMS 0x000000075d200000, 0x000000075d200000| Complete 
| 467|0x000000075d300000, 0x000000075d400000, 0x000000075d400000|100%| E|CS|TAMS 0x000000075d300000, 0x000000075d300000| Complete 
| 468|0x000000075d400000, 0x000000075d500000, 0x000000075d500000|100%| E|CS|TAMS 0x000000075d400000, 0x000000075d400000| Complete 
| 469|0x000000075d500000, 0x000000075d600000, 0x000000075d600000|100%| E|CS|TAMS 0x000000075d500000, 0x000000075d500000| Complete 
| 470|0x000000075d600000, 0x000000075d700000, 0x000000075d700000|100%| E|CS|TAMS 0x000000075d600000, 0x000000075d600000| Complete 
| 471|0x000000075d700000, 0x000000075d800000, 0x000000075d800000|100%| E|CS|TAMS 0x000000075d700000, 0x000000075d700000| Complete 
| 472|0x000000075d800000, 0x000000075d900000, 0x000000075d900000|100%| E|CS|TAMS 0x000000075d800000, 0x000000075d800000| Complete 
| 473|0x000000075d900000, 0x000000075da00000, 0x000000075da00000|100%| E|CS|TAMS 0x000000075d900000, 0x000000075d900000| Complete 
| 474|0x000000075da00000, 0x000000075db00000, 0x000000075db00000|100%| E|CS|TAMS 0x000000075da00000, 0x000000075da00000| Complete 
| 475|0x000000075db00000, 0x000000075dc00000, 0x000000075dc00000|100%| E|CS|TAMS 0x000000075db00000, 0x000000075db00000| Complete 
| 476|0x000000075dc00000, 0x000000075dd00000, 0x000000075dd00000|100%| E|CS|TAMS 0x000000075dc00000, 0x000000075dc00000| Complete 
| 477|0x000000075dd00000, 0x000000075de00000, 0x000000075de00000|100%| E|CS|TAMS 0x000000075dd00000, 0x000000075dd00000| Complete 
| 478|0x000000075de00000, 0x000000075df00000, 0x000000075df00000|100%| E|CS|TAMS 0x000000075de00000, 0x000000075de00000| Complete 
| 479|0x000000075df00000, 0x000000075e000000, 0x000000075e000000|100%| E|CS|TAMS 0x000000075df00000, 0x000000075df00000| Complete 

Card table byte_map: [0x000001cde5a00000,0x000001cde6000000] _byte_map_base: 0x000001cde2000000

Marking Bits (Prev, Next): (CMBitMap*) 0x000001cdcc8ee8d0, (CMBitMap*) 0x000001cdcc8ee898
 Prev Bits: [0x000001cde9600000, 0x000001cdec600000)
 Next Bits: [0x000001cde6600000, 0x000001cde9600000)

Polling page: 0x000001cdcc9a0000

Metaspace:

Usage:
  Non-class:     22.51 MB capacity,    22.03 MB ( 98%) used,   442.94 KB (  2%) free+waste,    55.06 KB ( <1%) overhead. 
      Class:      3.38 MB capacity,     3.14 MB ( 93%) used,   213.14 KB (  6%) free+waste,    28.06 KB ( <1%) overhead. 
       Both:     25.89 MB capacity,    25.17 MB ( 97%) used,   656.08 KB (  2%) free+waste,    83.12 KB ( <1%) overhead. 

Virtual space:
  Non-class space:       24.00 MB reserved,      22.75 MB ( 95%) committed 
      Class space:     1016.00 MB reserved,       3.50 MB ( <1%) committed 
             Both:        1.02 GB reserved,      26.25 MB (  3%) committed 

Chunk freelists:
   Non-Class:  6.25 KB
       Class:  3.75 KB
        Both:  10.00 KB

CodeHeap 'non-profiled nmethods': size=120000Kb used=1218Kb max_used=1218Kb free=118781Kb
 bounds [0x000001cdddba0000, 0x000001cddde10000, 0x000001cde50d0000]
CodeHeap 'profiled nmethods': size=120000Kb used=5244Kb max_used=5244Kb free=114755Kb
 bounds [0x000001cdd6670000, 0x000001cdd6b90000, 0x000001cdddba0000]
CodeHeap 'non-nmethods': size=5760Kb used=1167Kb max_used=1187Kb free=4592Kb
 bounds [0x000001cdd60d0000, 0x000001cdd6340000, 0x000001cdd6670000]
 total_blobs=2928 nmethods=2415 adapters=424
 compilation: enabled
              stopped_count=0, restarted_count=0
 full_count=0

Compilation events (10 events):
Event: 12.450 Thread 0x000001cdefb00000 2414       3       java.lang.Class::isLocalOrAnonymousClass (5 bytes)
Event: 12.450 Thread 0x000001cdefb00000 nmethod 2414 0x000001cdd6b87310 code [0x000001cdd6b874c0, 0x000001cdd6b876b8]
Event: 12.450 Thread 0x000001cdefb00000 2415       3       java.lang.Class::hasEnclosingMethodInfo (17 bytes)
Event: 12.450 Thread 0x000001cdefb00000 nmethod 2415 0x000001cdd6b87790 code [0x000001cdd6b87940, 0x000001cdd6b87af8]
Event: 12.475 Thread 0x000001cdefb00000 2416       3       java.util.concurrent.ConcurrentLinkedQueue::poll (84 bytes)
Event: 12.481 Thread 0x000001cdefb00000 nmethod 2416 0x000001cdd6b87b90 code [0x000001cdd6b881c0, 0x000001cdd6b8b768]
Event: 12.481 Thread 0x000001cdefb00000 2417       3       java.util.concurrent.ConcurrentLinkedQueue::updateHead (26 bytes)
Event: 12.483 Thread 0x000001cdefb00000 nmethod 2417 0x000001cdd6b8c690 code [0x000001cdd6b8c9e0, 0x000001cdd6b8dee8]
Event: 12.484 Thread 0x000001cdefb00000 2418       3       java.util.concurrent.TimeUnit::toNanos (45 bytes)
Event: 12.485 Thread 0x000001cdefb00000 nmethod 2418 0x000001cdd6b8e510 code [0x000001cdd6b8e6a0, 0x000001cdd6b8e8b8]

GC Heap History (4 events):
Event: 2.330 GC heap before
{Heap before GC invocations=0 (full 0):
 garbage-first heap   total 491520K, used 24576K [0x0000000740000000, 0x0000000800000000)
  region size 1024K, 24 young (24576K), 0 survivors (0K)
 Metaspace       used 7189K, capacity 7276K, committed 7424K, reserved 1048576K
  class space    used 624K, capacity 657K, committed 768K, reserved 1040384K
}
Event: 2.350 GC heap after
{Heap after GC invocations=1 (full 0):
 garbage-first heap   total 491520K, used 2300K [0x0000000740000000, 0x0000000800000000)
  region size 1024K, 3 young (3072K), 3 survivors (3072K)
 Metaspace       used 7189K, capacity 7276K, committed 7424K, reserved 1048576K
  class space    used 624K, capacity 657K, committed 768K, reserved 1040384K
}
Event: 10.390 GC heap before
{Heap before GC invocations=1 (full 0):
 garbage-first heap   total 491520K, used 181500K [0x0000000740000000, 0x0000000800000000)
  region size 1024K, 174 young (178176K), 3 survivors (3072K)
 Metaspace       used 20605K, capacity 21029K, committed 21248K, reserved 1060864K
  class space    used 2398K, capacity 2537K, committed 2560K, reserved 1040384K
}
Event: 10.407 GC heap after
{Heap after GC invocations=2 (full 0):
 garbage-first heap   total 491520K, used 19446K [0x0000000740000000, 0x0000000800000000)
  region size 1024K, 15 young (15360K), 15 survivors (15360K)
 Metaspace       used 20605K, capacity 21029K, committed 21248K, reserved 1060864K
  class space    used 2398K, capacity 2537K, committed 2560K, reserved 1040384K
}

Deoptimization events (10 events):
Event: 9.615 Thread 0x000001cdf1193800 Uncommon trap: reason=loop_limit_check action=maybe_recompile pc=0x000001cdddc67534 method=java.lang.StringLatin1.indexOf([BI[BII)I @ 37 c2
Event: 9.622 Thread 0x000001cdf1193800 Uncommon trap: reason=bimorphic_or_optimized_type_check action=maybe_recompile pc=0x000001cdddc88914 method=java.util.HashMap.putVal(ILjava/lang/Object;Ljava/lang/Object;ZZ)Ljava/lang/Object; @ 253 c2
Event: 9.623 Thread 0x000001cdf1193800 Uncommon trap: reason=bimorphic_or_optimized_type_check action=maybe_recompile pc=0x000001cdddc88914 method=java.util.HashMap.putVal(ILjava/lang/Object;Ljava/lang/Object;ZZ)Ljava/lang/Object; @ 253 c2
Event: 10.377 Thread 0x000001cdf1193800 Uncommon trap: reason=unstable_if action=reinterpret pc=0x000001cdddc13bf4 method=java.util.concurrent.ConcurrentHashMap.get(Ljava/lang/Object;)Ljava/lang/Object; @ 76 c2
Event: 10.627 Thread 0x000001cdf1193800 Uncommon trap: reason=unstable_if action=reinterpret pc=0x000001cdddca9aac method=jdk.internal.org.objectweb.asm.Type.getArgumentsAndReturnSizes(Ljava/lang/String;)I @ 88 c2
Event: 11.525 Thread 0x000001cdf1193800 Uncommon trap: reason=unstable_if action=reinterpret pc=0x000001cdddbbd120 method=java.io.WinNTFileSystem.resolve(Ljava/lang/String;Ljava/lang/String;)Ljava/lang/String; @ 19 c2
Event: 11.526 Thread 0x000001cdf1193800 Uncommon trap: reason=bimorphic_or_optimized_type_check action=maybe_recompile pc=0x000001cdddc29ba4 method=java.util.AbstractList$Itr.hasNext()Z @ 8 c2
Event: 11.527 Thread 0x000001cdf1193800 Uncommon trap: reason=unstable_if action=reinterpret pc=0x000001cdddbc84b8 method=java.io.File.getName()Ljava/lang/String; @ 16 c2
Event: 11.527 Thread 0x000001cdf1193800 Uncommon trap: reason=unstable_if action=reinterpret pc=0x000001cdddbc6e0c method=java.lang.String.substring(I)Ljava/lang/String; @ 34 c2
Event: 12.160 Thread 0x000001cdf1193800 Uncommon trap: reason=intrinsic_or_type_checked_inlining action=make_not_entrant pc=0x000001cdddccc7d8 method=java.util.Arrays.copyOf([Ljava/lang/Object;ILjava/lang/Class;)[Ljava/lang/Object; @ 35 c2

Classes redefined (0 events):
No events

Internal exceptions (10 events):
Event: 11.547 Thread 0x000001cdf1193800 Exception <a 'java/lang/NoSuchMethodError'{0x000000075b83a098}: 'void java.lang.invoke.DirectMethodHandle$Holder.invokeStatic(java.lang.Object, java.lang.Object, java.lang.Object, java.lang.Object)'> (0x000000075b83a098) thrown at [./open/src/hotspot/shar
Event: 11.548 Thread 0x000001cdf1193800 Exception <a 'java/lang/NoSuchMethodError'{0x000000075b83d9e0}: 'void java.lang.invoke.DirectMethodHandle$Holder.invokeStaticInit(java.lang.Object, java.lang.Object, java.lang.Object, java.lang.Object)'> (0x000000075b83d9e0) thrown at [./open/src/hotspot/
Event: 11.573 Thread 0x000001cdf1193800 Exception <a 'java/lang/NoSuchMethodError'{0x000000075b8f7de8}: 'java.lang.Object java.lang.invoke.DirectMethodHandle$Holder.invokeInterface(java.lang.Object, java.lang.Object, java.lang.Object)'> (0x000000075b8f7de8) thrown at [./open/src/hotspot/share/i
Event: 11.629 Thread 0x000001cdf1193800 Exception <a 'java/lang/NoSuchMethodError'{0x000000075b6a0210}: 'int java.lang.invoke.DirectMethodHandle$Holder.invokeSpecialIFC(java.lang.Object, java.lang.Object, java.lang.Object, java.lang.Object)'> (0x000000075b6a0210) thrown at [./open/src/hotspot/s
Event: 11.633 Thread 0x000001cdf1193800 Exception <a 'java/lang/IncompatibleClassChangeError'{0x000000075b6adf80}: Found class java.lang.Object, but interface was expected> (0x000000075b6adf80) thrown at [./open/src/hotspot/share/interpreter/linkResolver.cpp, line 839]
Event: 11.970 Thread 0x000001cdf1193800 Exception <a 'java/lang/IncompatibleClassChangeError'{0x000000075a6715a0}: Found class java.lang.Object, but interface was expected> (0x000000075a6715a0) thrown at [./open/src/hotspot/share/interpreter/linkResolver.cpp, line 839]
Event: 12.158 Thread 0x000001cdf1cdc800 Exception <a 'java/lang/NoSuchMethodError'{0x000000075df6aa60}: static Lorg/gradle/internal/build/event/types/DefaultOperationStartedProgressEvent;.<clinit>()V> (0x000000075df6aa60) thrown at [./open/src/hotspot/share/prims/jni.cpp, line 1371]
Event: 12.158 Thread 0x000001cdf1cdc800 Exception <a 'java/lang/NoSuchMethodError'{0x000000075df6c098}: static Lorg/gradle/internal/build/event/types/AbstractProgressEvent;.<clinit>()V> (0x000000075df6c098) thrown at [./open/src/hotspot/share/prims/jni.cpp, line 1371]
Event: 12.160 Thread 0x000001cdf1cdc800 Exception <a 'java/lang/NoSuchMethodError'{0x000000075df75390}: static Lorg/gradle/internal/build/event/types/DefaultOperationDescriptor;.<clinit>()V> (0x000000075df75390) thrown at [./open/src/hotspot/share/prims/jni.cpp, line 1371]
Event: 12.177 Thread 0x000001cdf1cdc800 Exception <a 'java/lang/NoSuchMethodError'{0x0000000759d5e1d0}: static Lorg/gradle/internal/operations/OperationIdentifier;.<clinit>()V> (0x0000000759d5e1d0) thrown at [./open/src/hotspot/share/prims/jni.cpp, line 1371]

Events (10 events):
Event: 12.483 loading class org/gradle/internal/cc/impl/IgnoredConfigurationInputs
Event: 12.483 loading class org/gradle/internal/cc/impl/IgnoredConfigurationInputs done
Event: 12.485 loading class org/gradle/internal/cc/impl/services/IsolatedActionCodecsFactory
Event: 12.485 loading class org/gradle/internal/cc/impl/services/IsolatedActionCodecsFactory done
Event: 12.491 loading class org/gradle/internal/serialize/codecs/core/jos/JavaSerializationEncodingLookup
Event: 12.491 loading class org/gradle/internal/serialize/codecs/core/jos/JavaSerializationEncodingLookup done
Event: 12.494 loading class org/gradle/internal/cc/impl/ConfigurationCacheServices$IgnoredConfigurationInputsProvider
Event: 12.494 loading class org/gradle/internal/cc/impl/ConfigurationCacheServices$IgnoredConfigurationInputsProvider done
Event: 12.498 loading class org/gradle/internal/cc/impl/ConfigurationCacheServices$ConfigurationCacheReportProvider
Event: 12.498 loading class org/gradle/internal/cc/impl/ConfigurationCacheServices$ConfigurationCacheReportProvider done


Dynamic libraries:
0x00007ff608470000 - 0x00007ff608480000 	C:\Program Files\Java\jdk-11\bin\java.exe
0x00007ffc15db0000 - 0x00007ffc15fa8000 	C:\Windows\SYSTEM32\ntdll.dll
0x00007ffc13fe0000 - 0x00007ffc140a2000 	C:\Windows\System32\KERNEL32.DLL
0x00007ffc13b30000 - 0x00007ffc13e2f000 	C:\Windows\System32\KERNELBASE.dll
0x00007ffc13990000 - 0x00007ffc13a90000 	C:\Windows\System32\ucrtbase.dll
0x00007ffbf26c0000 - 0x00007ffbf26db000 	C:\Program Files\Java\jdk-11\bin\VCRUNTIME140.dll
0x00007ffbf26a0000 - 0x00007ffbf26b9000 	C:\Program Files\Java\jdk-11\bin\jli.dll
0x00007ffc14f90000 - 0x00007ffc1503f000 	C:\Windows\System32\ADVAPI32.dll
0x00007ffc150b0000 - 0x00007ffc1514e000 	C:\Windows\System32\msvcrt.dll
0x00007ffc14190000 - 0x00007ffc1422f000 	C:\Windows\System32\sechost.dll
0x00007ffc15150000 - 0x00007ffc15273000 	C:\Windows\System32\RPCRT4.dll
0x00007ffc13680000 - 0x00007ffc136a7000 	C:\Windows\System32\bcrypt.dll
0x00007ffc15a00000 - 0x00007ffc15b9d000 	C:\Windows\System32\USER32.dll
0x00007ffc137d0000 - 0x00007ffc137f2000 	C:\Windows\System32\win32u.dll
0x00007ffc158f0000 - 0x00007ffc1591b000 	C:\Windows\System32\GDI32.dll
0x00007ffc136b0000 - 0x00007ffc137ca000 	C:\Windows\System32\gdi32full.dll
0x00007ffc13a90000 - 0x00007ffc13b2d000 	C:\Windows\System32\msvcp_win.dll
0x00007ffc00980000 - 0x00007ffc00c1a000 	C:\Windows\WinSxS\amd64_microsoft.windows.common-controls_6595b64144ccf1df_6.0.19041.4355_none_60b8b9eb71f62e16\COMCTL32.dll
0x00007ffc0a9c0000 - 0x00007ffc0a9ca000 	C:\Windows\SYSTEM32\VERSION.dll
0x00007ffc15670000 - 0x00007ffc1569f000 	C:\Windows\System32\IMM32.DLL
0x00007ffc0f770000 - 0x00007ffc0f77c000 	C:\Program Files\Java\jdk-11\bin\vcruntime140_1.dll
0x00007ffbe85a0000 - 0x00007ffbe862e000 	C:\Program Files\Java\jdk-11\bin\msvcp140.dll
0x00007ffb70370000 - 0x00007ffb70ed3000 	C:\Program Files\Java\jdk-11\bin\server\jvm.dll
0x00007ffc159e0000 - 0x00007ffc159e8000 	C:\Windows\System32\PSAPI.DLL
0x00007ffbf94c0000 - 0x00007ffbf94c9000 	C:\Windows\SYSTEM32\WSOCK32.dll
0x00007ffc15040000 - 0x00007ffc150ab000 	C:\Windows\System32\WS2_32.dll
0x00007ffc086b0000 - 0x00007ffc086d7000 	C:\Windows\SYSTEM32\WINMM.dll
0x00007ffc11380000 - 0x00007ffc11392000 	C:\Windows\SYSTEM32\kernel.appcore.dll
0x00007ffc0d0f0000 - 0x00007ffc0d100000 	C:\Program Files\Java\jdk-11\bin\verify.dll
0x00007ffc0b070000 - 0x00007ffc0b254000 	C:\Windows\SYSTEM32\DBGHELP.DLL
0x00007ffbf7950000 - 0x00007ffbf7984000 	C:\Windows\SYSTEM32\dbgcore.DLL
0x00007ffc13800000 - 0x00007ffc13882000 	C:\Windows\System32\bcryptPrimitives.dll
0x00007ffbf2510000 - 0x00007ffbf2538000 	C:\Program Files\Java\jdk-11\bin\java.dll
0x00007ffc0cc90000 - 0x00007ffc0cc9a000 	C:\Program Files\Java\jdk-11\bin\jimage.dll
0x00007ffbfa9a0000 - 0x00007ffbfa9ae000 	C:\Program Files\Java\jdk-11\bin\instrument.dll
0x00007ffbf24f0000 - 0x00007ffbf2507000 	C:\Program Files\Java\jdk-11\bin\zip.dll
0x00007ffc14230000 - 0x00007ffc1499d000 	C:\Windows\System32\SHELL32.dll
0x00007ffc11580000 - 0x00007ffc11d24000 	C:\Windows\SYSTEM32\windows.storage.dll
0x00007ffc15310000 - 0x00007ffc15665000 	C:\Windows\System32\combase.dll
0x00007ffc12da0000 - 0x00007ffc12dcb000 	C:\Windows\SYSTEM32\Wldp.dll
0x00007ffc149a0000 - 0x00007ffc14a6d000 	C:\Windows\System32\OLEAUT32.dll
0x00007ffc15cc0000 - 0x00007ffc15d6d000 	C:\Windows\System32\SHCORE.dll
0x00007ffc15980000 - 0x00007ffc159d5000 	C:\Windows\System32\shlwapi.dll
0x00007ffc135b0000 - 0x00007ffc135d5000 	C:\Windows\SYSTEM32\profapi.dll
0x00007ffbefb90000 - 0x00007ffbefba9000 	C:\Program Files\Java\jdk-11\bin\net.dll
0x00007ffc09de0000 - 0x00007ffc09eea000 	C:\Windows\SYSTEM32\WINHTTP.dll
0x00007ffc12b80000 - 0x00007ffc12bec000 	C:\Windows\system32\mswsock.dll
0x00007ffbebcc0000 - 0x00007ffbebcd2000 	C:\Program Files\Java\jdk-11\bin\nio.dll
0x00007ffbf9b50000 - 0x00007ffbf9b77000 	C:\Users\Guille\.gradle\native\1def1411415f61bf3af743bc5b6707747c0891f09f0c88961ee8f79bc544acac\windows-amd64\native-platform.dll
0x00007ffbe8520000 - 0x00007ffbe8598000 	C:\Users\Guille\.gradle\native\0.2.7\x86_64-windows-gnu\gradle-fileevents.dll
0x00007ffbfa940000 - 0x00007ffbfa949000 	C:\Program Files\Java\jdk-11\bin\management.dll
0x00007ffbf9c00000 - 0x00007ffbf9c0b000 	C:\Program Files\Java\jdk-11\bin\management_ext.dll
0x00007ffc12880000 - 0x00007ffc128bb000 	C:\Windows\SYSTEM32\IPHLPAPI.DLL
0x00007ffc159f0000 - 0x00007ffc159f8000 	C:\Windows\System32\NSI.dll
0x00007ffc0c8f0000 - 0x00007ffc0c907000 	C:\Windows\SYSTEM32\dhcpcsvc6.DLL
0x00007ffc0c8d0000 - 0x00007ffc0c8ed000 	C:\Windows\SYSTEM32\dhcpcsvc.DLL
0x00007ffc128c0000 - 0x00007ffc1298a000 	C:\Windows\SYSTEM32\DNSAPI.dll
0x00007ffc132d0000 - 0x00007ffc132e8000 	C:\Windows\SYSTEM32\CRYPTSP.dll
0x00007ffc124c0000 - 0x00007ffc124f8000 	C:\Windows\system32\rsaenh.dll
0x00007ffc13530000 - 0x00007ffc1355e000 	C:\Windows\SYSTEM32\USERENV.dll
0x00007ffc12d10000 - 0x00007ffc12d1c000 	C:\Windows\SYSTEM32\CRYPTBASE.dll

dbghelp: loaded successfully - version: 4.0.5 - missing functions: none
symbol engine: initialized successfully - sym options: 0x614 - pdb path: .;C:\Program Files\Java\jdk-11\bin;C:\Windows\SYSTEM32;C:\Windows\WinSxS\amd64_microsoft.windows.common-controls_6595b64144ccf1df_6.0.19041.4355_none_60b8b9eb71f62e16;C:\Program Files\Java\jdk-11\bin\server;C:\Users\Guille\.gradle\native\1def1411415f61bf3af743bc5b6707747c0891f09f0c88961ee8f79bc544acac\windows-amd64;C:\Users\Guille\.gradle\native\0.2.7\x86_64-windows-gnu

VM Arguments:
jvm_args: --add-opens=java.base/java.lang=ALL-UNNAMED --add-opens=java.base/java.lang.invoke=ALL-UNNAMED --add-opens=java.base/java.util=ALL-UNNAMED --add-opens=java.prefs/java.util.prefs=ALL-UNNAMED --add-exports=jdk.compiler/com.sun.tools.javac.api=ALL-UNNAMED --add-exports=jdk.compiler/com.sun.tools.javac.util=ALL-UNNAMED --add-opens=java.base/java.util=ALL-UNNAMED --add-opens=java.prefs/java.util.prefs=ALL-UNNAMED --add-opens=java.base/java.nio.charset=ALL-UNNAMED --add-opens=java.base/java.net=ALL-UNNAMED --add-opens=java.base/java.util.concurrent.atomic=ALL-UNNAMED --add-opens=java.xml/javax.xml.namespace=ALL-UNNAMED -XX:MaxMetaspaceSize=1024m -XX:+UseG1GC -Xmx3072m -Dfile.encoding=UTF-8 -Duser.country=AR -Duser.language=es -Duser.variant -javaagent:C:\Users\Guille\.gradle\wrapper\dists\gradle-8.14.3-bin\cv11ve7ro1n3o1j4so8xd9n66\gradle-8.14.3\lib\agents\gradle-instrumentation-agent-8.14.3.jar 
java_command: org.gradle.launcher.daemon.bootstrap.GradleDaemon 8.14.3
java_class_path (initial): C:\Users\Guille\.gradle\wrapper\dists\gradle-8.14.3-bin\cv11ve7ro1n3o1j4so8xd9n66\gradle-8.14.3\lib\gradle-daemon-main-8.14.3.jar
Launcher Type: SUN_STANDARD

[Global flags]
     intx CICompilerCount                          = 4                                         {product} {ergonomic}
   size_t CompressedClassSpaceSize                 = 1065353216                                {product} {ergonomic}
     uint ConcGCThreads                            = 2                                         {product} {ergonomic}
     uint G1ConcRefinementThreads                  = 8                                         {product} {ergonomic}
   size_t G1HeapRegionSize                         = 1048576                                   {product} {ergonomic}
    uintx GCDrainStackTargetSize                   = 64                                        {product} {ergonomic}
   size_t InitialHeapSize                          = 503316480                                 {product} {ergonomic}
   size_t MarkStackSize                            = 4194304                                   {product} {ergonomic}
   size_t MaxHeapSize                              = 3221225472                                {product} {command line}
   size_t MaxMetaspaceSize                         = 1073741824                                {product} {command line}
   size_t MaxNewSize                               = 1932525568                                {product} {ergonomic}
   size_t MinHeapDeltaBytes                        = 1048576                                   {product} {ergonomic}
    uintx NonNMethodCodeHeapSize                   = 5836300                                {pd product} {ergonomic}
    uintx NonProfiledCodeHeapSize                  = 122910970                              {pd product} {ergonomic}
    uintx ProfiledCodeHeapSize                     = 122910970                              {pd product} {ergonomic}
    uintx ReservedCodeCacheSize                    = 251658240                              {pd product} {ergonomic}
     bool SegmentedCodeCache                       = true                                      {product} {ergonomic}
     bool UseCompressedClassPointers               = true                                 {lp64_product} {ergonomic}
     bool UseCompressedOops                        = true                                 {lp64_product} {ergonomic}
     bool UseG1GC                                  = true                                      {product} {command line}
     bool UseLargePagesIndividualAllocation        = false                                  {pd product} {ergonomic}

Logging:
Log output configuration:
 #0: stdout all=warning uptime,level,tags
 #1: stderr all=off uptime,level,tags

Environment Variables:
JRE_HOME=C:\Program Files\Java\jdk-11
PATH=C:\Program Files (x86)\Embarcadero\Studio\22.0\bin;C:\Users\Public\Documents\Embarcadero\Studio\22.0\Bpl;C:\Program Files (x86)\Embarcadero\Studio\22.0\bin64;C:\Users\Public\Documents\Embarcadero\Studio\22.0\Bpl\Win64;C:\Windows\system32;C:\Windows;C:\Windows\System32\Wbem;C:\Windows\System32\WindowsPowerShell\v1.0\;C:\Windows\System32\OpenSSH\;C:\Users\Guille\AppData\Local\Programs\Python\Python314\Scripts\django-admin.exe;C:\ProgramData\chocolatey\bin;C:\Users\Guille\AppData\Local\Programs\Python\Python314;C:\Users\Guille\AppData\Local\Programs\Python\Python314\Scripts;C:\Users\Guille\AppData\Roaming\npm\node_modules\@vue\cli\bin;C:\Program Files\MySQL\MySQL Server 8.1\bin;%JAVA_HOME%\bin;C:\Program Files\dotnet\;C:\SeleniumDrivers;C:\Program Files\Git\cmd;C:\Program Files\apache-maven-3.8.8\bin;C:\Users\Guille\Downloads\Curso Trading\ffmpeg-7.1.1-essentials_build\bin;C:\Program Files\nodejs\;C:\Program Files (x86)\cloudflared\;C:\Users\Guille\AppData\Local\Programs\Python\Python314\Scripts\;C:\Users\Guille\AppData\Local\Programs\Python\Python314\;C:\Users\Guille\AppData\Local\Programs\Python\Python313\Scripts\;C:\Users\Guille\AppData\Local\Programs\Python\Python313\;C:\Users\Guille\AppData\Local\Android\Sdk\platform-tools;C:\Users\Guille\AppData\Local\Android\Sdk\tools;C:\Users\Guille\AppData\Local\Programs\Python\Python311\Scripts\;C:\Users\Guille\AppData\Local\Programs\Python\Python311\;C:\Users\Guille\AppData\Local\Microsoft\WindowsApps;C:\Users\Guille\AppData\Local\Programs\Microsoft VS Code\bin;C:\Program Files\JetBrains\IntelliJ IDEA Community Edition 2023.1.2\bin;C:\Program Files\JetBrains\PyCharm 2023.1.3\bin;C:\Program Files\JetBrains\PyCharm Community Edition 2023.1.3\bin;C:\Users\Guille\AppData\Local\Programs\Ollama;C:\Users\Guille\.cache\lm-studio\bin;C:\Users\Guille\AppData\Roaming\npm;C:\Users\Guille\AppData\Local\Programs\Antigravity\bin;C:\Users\Guille\AppData\Local\Muse Hub\lib;;C:\Users\Guille\.lmstudio\bin;C:\Users\Guille\AppData\Local\Progra
USERNAME=Guille
OS=Windows_NT
PROCESSOR_IDENTIFIER=AMD64 Family 23 Model 17 Stepping 0, AuthenticAMD



---------------  S Y S T E M  ---------------

OS: Windows 10 , 64 bit Build 19041 (10.0.19041.5438)
Hyper-V role detected

CPU:total 8 (initial active 8) (8 cores per cpu, 2 threads per core) family 23 model 17 stepping 0 microcode 0x0, cmov, cx8, fxsr, mmx, sse, sse2, sse3, ssse3, sse4.1, sse4.2, popcnt, avx, avx2, aes, clmul, mmxext, 3dnowpref, lzcnt, sse4a, ht, tsc, tscinvbit, tscinv, bmi1, bmi2, adx, sha, fma

Memory: 4k page, system-wide physical 30668M (3013M free)
TotalPageFile size 47052M (AvailPageFile size 0M)
current process WorkingSet (physical memory assigned to process): 320M, peak: 320M
current process commit charge ("private bytes"): 658M, peak: 658M

vm_info: Java HotSpot(TM) 64-Bit Server VM (11.0.25+9-LTS-256) for windows-amd64 JRE (11.0.25+9-LTS-256), built on Sep 30 2024 06:30:20 by "mach5one" with MS VC++ 17.6 (VS2022)

END.
